CREATE DATABASE hrm;
USE hrm;
Select * from Job;
CREATE TABLE Department (
    dept_id INT PRIMARY KEY,
    dept_name VARCHAR(100) NOT NULL,
    location VARCHAR(100) NOT NULL
);


INSERT INTO Department (dept_id, dept_name, location) VALUES
    (1001, 'Software Engineering', 'San Francisco, CA'),
    (1002, 'Data Science & Analytics', 'New York, NY'),
    (1003, 'DevOps & Infrastructure', 'Austin, TX'),
    (1004, 'Cybersecurity', 'Washington, DC'),
    (1005, 'Product Management', 'Seattle, WA'),
    (1006, 'UX & Design', 'Los Angeles, CA'),
    (1007, 'Quality Assurance', 'Chicago, IL'),
    (1008, 'Mobile Development', 'San Francisco, CA'),
    (1009, 'Artificial Intelligence', 'Boston, MA'),
    (1010, 'Cloud Architecture', 'Dallas, TX'),
    (1011, 'Backend Engineering', 'Austin, TX'),
    (1012, 'Frontend Engineering', 'San Jose, CA'),
    (1013, 'Database Administration', 'Denver, CO'),
    (1014, 'IT Support', 'Phoenix, AZ'),
    (1015, 'Research & Development', 'Boston, MA'),
    (1016, 'Human Resources', 'New York, NY'),
    (1017, 'Finance & Accounting', 'Chicago, IL'),
    (1018, 'Marketing & Growth', 'Miami, FL'),
    (1019, 'Sales Engineering', 'Atlanta, GA'),
    (1020, 'Legal & Compliance', 'Washington, DC');

    
    CREATE TABLE Job (
    job_id INT PRIMARY KEY,
    job_title VARCHAR(100) NOT NULL,
    min_salary DECIMAL(10,2) NOT NULL,
    max_salary DECIMAL(10,2) NOT NULL,
    dept_id INT,
    FOREIGN KEY (dept_id) REFERENCES Department(dept_id)
);

    INSERT INTO Job (job_id, job_title, min_salary, max_salary, dept_id) VALUES
    (2001, 'Junior Software Engineer', 55000, 85000, 1001),
    (2002, 'Software Engineer', 85000, 120000, 1001),
    (2003, 'Senior Software Engineer', 120000, 160000, 1001),
    (2004, 'Staff Software Engineer', 155000, 200000, 1001),
    (2005, 'Junior Data Analyst', 50000, 75000, 1002),
    (2006, 'Data Scientist', 90000, 130000, 1002),
    (2007, 'Senior Data Scientist', 130000, 170000, 1002),
    (2008, 'Machine Learning Engineer', 110000, 155000, 1002),
    (2009, 'DevOps Engineer', 80000, 120000, 1003),
    (2010, 'Senior DevOps Engineer', 120000, 160000, 1003),
    (2011, 'Site Reliability Engineer', 110000, 150000, 1003),
    (2012, 'Security Analyst', 75000, 110000, 1004),
    (2013, 'Senior Security Engineer', 110000, 155000, 1004),
    (2014, 'Penetration Tester', 85000, 130000, 1004),
    (2015, 'Product Manager', 100000, 145000, 1005),
    (2016, 'Senior Product Manager', 145000, 185000, 1005),
    (2017, 'UX Designer', 70000, 105000, 1006),
    (2018, 'Senior UX Designer', 105000, 140000, 1006),
    (2019, 'UX Researcher', 75000, 110000, 1006),
    (2020, 'QA Engineer', 65000, 95000, 1007),
    (2021, 'Senior QA Engineer', 95000, 130000, 1007),
    (2022, 'iOS Developer', 85000, 125000, 1008),
    (2023, 'Android Developer', 85000, 125000, 1008),
    (2024, 'Senior Mobile Developer', 125000, 165000, 1008),
    (2025, 'AI Research Scientist', 130000, 185000, 1009),
    (2026, 'NLP Engineer', 110000, 155000, 1009),
    (2027, 'Computer Vision Engineer', 110000, 155000, 1009),
    (2028, 'Cloud Architect', 130000, 175000, 1010),
    (2029, 'Cloud Engineer', 90000, 130000, 1010),
    (2030, 'Backend Engineer', 85000, 125000, 1011),
    (2031, 'Senior Backend Engineer', 125000, 165000, 1011),
    (2032, 'Frontend Engineer', 80000, 120000, 1012),
    (2033, 'Senior Frontend Engineer', 120000, 160000, 1012),
    (2034, 'Database Administrator', 75000, 115000, 1013),
    (2035, 'Senior DBA', 115000, 155000, 1013),
    (2036, 'IT Support Specialist', 45000, 70000, 1014),
    (2037, 'HR Business Partner', 70000, 105000, 1016),
    (2038, 'Financial Analyst', 70000, 105000, 1017),
    (2039, 'Growth Marketing Manager', 80000, 120000, 1018),
    (2040, 'Sales Engineer', 90000, 135000, 1019);
    

    
    CREATE TABLE Employee (
    emp_id INT PRIMARY KEY,
    first_name VARCHAR(50) NOT NULL,
    last_name VARCHAR(50) NOT NULL,
    email VARCHAR(100) UNIQUE NOT NULL,
    hire_date DATE NOT NULL,
    birth_date DATE NOT NULL,
    gender CHAR(1),
    job_id INT,
    experience INT,
    FOREIGN KEY (job_id) REFERENCES Job(job_id)
);

INSERT INTO Employee (emp_id, first_name, last_name, email, hire_date, birth_date, gender, job_id, experience) VALUES
    (3001, 'Sofia', 'Scott', 'sofia.scott@techcompany.com', '2023-06-21', '1978-12-07', 'F', 2001, 9),
    (3002, 'Zoey', 'Robinson', 'zoey.robinson@techcompany.com', '2020-10-20', '1984-02-08', 'F', 2008, 7),
    (3003, 'David', 'Johnson', 'david.johnson@techcompany.com', '2021-08-06', '1982-04-19', 'M', 2002, 7),
    (3004, 'Elijah', 'Campbell', 'elijah.campbell@techcompany.com', '2022-01-28', '1999-04-03', 'M', 2039, 1),
    (3005, 'Sophia', 'King', 'sophia.king@techcompany.com', '2017-09-01', '1987-11-16', 'F', 2029, 6),
    (3006, 'Caleb', 'Nguyen', 'caleb.nguyen@techcompany.com', '2020-04-20', '1991-08-26', 'M', 2003, 13),
    (3007, 'Benjamin', 'Miller', 'benjamin.miller@techcompany.com', '2022-05-23', '1987-06-14', 'M', 2037, 13),
    (3008, 'Isabella', 'Hall', 'isabella.hall@techcompany.com', '2022-04-30', '1980-02-02', 'F', 2040, 12),
    (3009, 'Mia', 'Taylor', 'mia.taylor@techcompany.com', '2017-02-23', '1989-09-15', 'F', 2009, 4),
    (3010, 'Emily', 'Jackson', 'emily.jackson@techcompany.com', '2020-03-09', '1991-02-15', 'F', 2002, 17),
    (3011, 'Oliver', 'Nelson', 'oliver.nelson@techcompany.com', '2021-01-23', '1999-02-25', 'M', 2032, 7),
    (3012, 'John', 'Allen', 'john.allen@techcompany.com', '2020-05-25', '1992-07-02', 'M', 2002, 5),
    (3013, 'Emma', 'Sanchez', 'emma.sanchez@techcompany.com', '2017-12-22', '1981-05-14', 'F', 2030, 17),
    (3014, 'Evelyn', 'Wilson', 'evelyn.wilson@techcompany.com', '2018-04-30', '1990-01-19', 'F', 2006, 17),
    (3015, 'Samuel', 'Brown', 'samuel.brown@techcompany.com', '2015-07-25', '1975-08-17', 'M', 2023, 16),
    (3016, 'Oliver', 'King', 'oliver.king@techcompany.com', '2015-11-25', '1988-02-20', 'M', 2005, 2),
    (3017, 'Wyatt', 'Davis', 'wyatt.davis@techcompany.com', '2024-12-25', '1984-04-19', 'M', 2037, 19),
    (3018, 'Kevin', 'Garcia', 'kevin.garcia@techcompany.com', '2019-09-14', '1976-10-19', 'M', 2005, 16),
    (3019, 'Scarlett', 'Anderson', 'scarlett.anderson@techcompany.com', '2022-07-06', '1978-06-08', 'F', 2001, 8),
    (3020, 'Harper', 'Baker', 'harper.baker@techcompany.com', '2022-03-28', '1991-08-11', 'F', 2010, 2),
    (3021, 'Ryan', 'Green', 'ryan.green@techcompany.com', '2021-04-25', '1996-02-18', 'M', 2032, 6),
    (3022, 'Harper', 'White', 'harper.white@techcompany.com', '2024-11-17', '2000-04-12', 'F', 2010, 9),
    (3023, 'Luke', 'Scott', 'luke.scott@techcompany.com', '2022-11-21', '1991-10-26', 'M', 2029, 20),
    (3024, 'Thomas', 'Lee', 'thomas.lee@techcompany.com', '2022-06-10', '1997-03-09', 'M', 2003, 3),
    (3025, 'Thomas', 'Hernandez', 'thomas.hernandez@techcompany.com', '2018-01-20', '1987-10-07', 'M', 2021, 10),
    (3026, 'Jackson', 'King', 'jackson.king@techcompany.com', '2020-06-24', '1990-01-03', 'M', 2040, 20),
    (3027, 'Grace', 'Williams', 'grace.williams@techcompany.com', '2015-01-15', '1983-03-21', 'F', 2032, 8),
    (3028, 'Luke', 'Torres', 'luke.torres@techcompany.com', '2022-11-30', '1987-09-01', 'M', 2004, 3),
    (3029, 'Ethan', 'Scott', 'ethan.scott@techcompany.com', '2015-05-28', '1982-10-18', 'M', 2001, 4),
    (3030, 'Harper', 'Williams', 'harper.williams@techcompany.com', '2018-06-16', '1985-01-12', 'F', 2033, 6),
    (3031, 'Benjamin', 'White', 'benjamin.white@techcompany.com', '2023-10-01', '1984-07-20', 'M', 2028, 4),
    (3032, 'Alexander', 'Gonzalez', 'alexander.gonzalez@techcompany.com', '2024-11-19', '1989-01-06', 'M', 2008, 10),
    (3033, 'Ella', 'Jackson', 'ella.jackson@techcompany.com', '2016-10-14', '1972-02-13', 'F', 2003, 1),
    (3034, 'Avery', 'Wilson', 'avery.wilson@techcompany.com', '2024-02-27', '1988-06-10', 'F', 2007, 7),
    (3035, 'Liam', 'Baker', 'liam.baker@techcompany.com', '2017-03-02', '1983-06-09', 'M', 2017, 2),
    (3036, 'Aurora', 'Nelson', 'aurora.nelson@techcompany.com', '2020-09-17', '1986-11-27', 'F', 2006, 17),
    (3037, 'Olivia', 'Davis', 'olivia.davis@techcompany.com', '2024-11-01', '1994-03-19', 'F', 2008, 8),
    (3038, 'Benjamin', 'Flores', 'benjamin.flores@techcompany.com', '2019-11-15', '1986-12-26', 'M', 2030, 10),
    (3039, 'Audrey', 'King', 'audrey.king@techcompany.com', '2016-04-18', '1982-10-07', 'F', 2016, 8),
    (3040, 'Jack', 'Smith', 'jack.smith@techcompany.com', '2020-10-30', '1981-11-24', 'M', 2021, 6),
    (3041, 'Lillian', 'Jones', 'lillian.jones@techcompany.com', '2022-06-13', '1990-10-11', 'F', 2018, 3),
    (3042, 'Addison', 'Lee', 'addison.lee@techcompany.com', '2022-06-24', '1987-06-13', 'F', 2015, 9),
    (3043, 'Jacob', 'Ramirez', 'jacob.ramirez@techcompany.com', '2022-06-16', '1988-11-24', 'M', 2009, 5),
    (3044, 'Layla', 'Torres', 'layla.torres@techcompany.com', '2024-05-07', '2002-05-10', 'F', 2026, 6),
    (3045, 'Violet', 'Flores', 'violet.flores@techcompany.com', '2022-05-05', '1990-08-15', 'F', 2021, 14),
    (3046, 'Isaiah', 'Young', 'isaiah.young@techcompany.com', '2023-11-26', '1978-03-22', 'M', 2034, 2),
    (3047, 'Addison', 'Baker', 'addison.baker@techcompany.com', '2022-02-05', '1981-06-03', 'F', 2019, 7),
    (3048, 'Avery', 'Wilson', 'avery.wilson1@techcompany.com', '2016-08-26', '1994-01-08', 'F', 2022, 15),
    (3049, 'Ryan', 'Ramirez', 'ryan.ramirez@techcompany.com', '2024-12-08', '1982-10-07', 'M', 2001, 12),
    (3050, 'Layla', 'Taylor', 'layla.taylor@techcompany.com', '2016-08-27', '1974-12-01', 'F', 2038, 3),
    (3051, 'Avery', 'Gonzalez', 'avery.gonzalez@techcompany.com', '2024-01-07', '1980-09-15', 'F', 2002, 1),
    (3052, 'Lucas', 'Walker', 'lucas.walker@techcompany.com', '2016-06-30', '1980-11-17', 'M', 2033, 17),
    (3053, 'Eleanor', 'Green', 'eleanor.green@techcompany.com', '2024-02-21', '1979-09-14', 'F', 2027, 17),
    (3054, 'Abigail', 'Carter', 'abigail.carter@techcompany.com', '2024-08-29', '1987-08-09', 'F', 2039, 7),
    (3055, 'Bella', 'Allen', 'bella.allen@techcompany.com', '2022-01-11', '1993-05-15', 'F', 2034, 2),
    (3056, 'Ella', 'Jackson', 'ella.jackson1@techcompany.com', '2018-10-07', '1986-09-03', 'F', 2029, 4),
    (3057, 'Daniel', 'Sanchez', 'daniel.sanchez@techcompany.com', '2022-10-13', '1996-12-07', 'M', 2014, 2),
    (3058, 'Nora', 'Thompson', 'nora.thompson@techcompany.com', '2021-01-31', '1985-07-02', 'F', 2004, 6),
    (3059, 'Penelope', 'Turner', 'penelope.turner@techcompany.com', '2021-07-20', '1977-01-28', 'F', 2015, 18),
    (3060, 'Savannah', 'Smith', 'savannah.smith@techcompany.com', '2018-12-11', '1987-07-28', 'F', 2005, 13),
    (3061, 'Aaron', 'Thomas', 'aaron.thomas@techcompany.com', '2018-01-22', '1983-08-01', 'M', 2012, 12),
    (3062, 'Layla', 'Mitchell', 'layla.mitchell@techcompany.com', '2016-11-07', '1980-03-20', 'F', 2002, 17),
    (3063, 'Wyatt', 'Hill', 'wyatt.hill@techcompany.com', '2021-04-30', '1978-01-03', 'M', 2016, 20),
    (3064, 'Harper', 'Walker', 'harper.walker@techcompany.com', '2017-01-14', '1994-05-13', 'F', 2002, 10),
    (3065, 'Ryan', 'Perez', 'ryan.perez@techcompany.com', '2018-10-14', '1984-05-25', 'M', 2002, 13),
    (3066, 'Charlotte', 'Young', 'charlotte.young@techcompany.com', '2015-03-21', '1970-09-02', 'F', 2034, 11),
    (3067, 'Elijah', 'Turner', 'elijah.turner@techcompany.com', '2022-04-23', '1999-01-08', 'M', 2025, 6),
    (3068, 'Kevin', 'Hernandez', 'kevin.hernandez@techcompany.com', '2017-09-04', '1991-08-22', 'M', 2020, 3),
    (3069, 'Ryan', 'Rivera', 'ryan.rivera@techcompany.com', '2017-11-15', '1984-03-20', 'M', 2008, 19),
    (3070, 'Alexander', 'Lee', 'alexander.lee@techcompany.com', '2016-03-18', '1976-01-10', 'M', 2011, 18),
    (3071, 'Layla', 'Campbell', 'layla.campbell@techcompany.com', '2017-03-23', '1993-10-23', 'F', 2015, 20),
    (3072, 'Benjamin', 'Rivera', 'benjamin.rivera@techcompany.com', '2023-08-31', '1992-11-20', 'M', 2022, 3),
    (3073, 'Joseph', 'Scott', 'joseph.scott@techcompany.com', '2019-10-21', '1976-06-03', 'M', 2018, 16),
    (3074, 'Emma', 'Ramirez', 'emma.ramirez@techcompany.com', '2024-03-22', '1987-02-14', 'F', 2006, 11),
    (3075, 'Evelyn', 'Lewis', 'evelyn.lewis@techcompany.com', '2016-12-22', '1971-09-21', 'F', 2024, 8),
    (3076, 'Hannah', 'Lewis', 'hannah.lewis@techcompany.com', '2024-04-05', '1979-10-09', 'F', 2011, 10),
    (3077, 'William', 'Jackson', 'william.jackson@techcompany.com', '2024-11-20', '1988-04-25', 'M', 2018, 14),
    (3078, 'Lily', 'Johnson', 'lily.johnson@techcompany.com', '2020-07-17', '1988-03-16', 'F', 2016, 6),
    (3079, 'Scarlett', 'Thompson', 'scarlett.thompson@techcompany.com', '2018-02-19', '1977-12-09', 'F', 2031, 17),
    (3080, 'Adam', 'Wilson', 'adam.wilson@techcompany.com', '2015-12-17', '1986-12-14', 'M', 2025, 15),
    (3081, 'Nathan', 'Nelson', 'nathan.nelson@techcompany.com', '2022-12-25', '1985-08-26', 'M', 2003, 0),
    (3082, 'Aiden', 'Thomas', 'aiden.thomas@techcompany.com', '2019-07-15', '1975-04-10', 'M', 2002, 18),
    (3083, 'Savannah', 'Torres', 'savannah.torres@techcompany.com', '2020-12-14', '1987-07-24', 'F', 2025, 17),
    (3084, 'Aurora', 'Rivera', 'aurora.rivera@techcompany.com', '2020-02-02', '1990-05-09', 'F', 2020, 7),
    (3085, 'Jacob', 'Perez', 'jacob.perez@techcompany.com', '2016-05-04', '1971-09-25', 'M', 2033, 5),
    (3086, 'Michael', 'Carter', 'michael.carter@techcompany.com', '2020-06-06', '1990-12-19', 'M', 2008, 16),
    (3087, 'Mia', 'Wilson', 'mia.wilson@techcompany.com', '2018-04-28', '1989-06-06', 'F', 2011, 9),
    (3088, 'Charles', 'Martinez', 'charles.martinez@techcompany.com', '2018-01-28', '1995-01-18', 'M', 2013, 9),
    (3089, 'Aaron', 'Miller', 'aaron.miller@techcompany.com', '2024-10-14', '2002-10-10', 'M', 2014, 15),
    (3090, 'Eleanor', 'Thompson', 'eleanor.thompson@techcompany.com', '2017-01-25', '1994-05-28', 'F', 2009, 15),
    (3091, 'Elijah', 'Clark', 'elijah.clark@techcompany.com', '2020-07-07', '1996-10-21', 'M', 2003, 1),
    (3092, 'Ethan', 'Nguyen', 'ethan.nguyen@techcompany.com', '2018-05-29', '1994-04-04', 'M', 2036, 17),
    (3093, 'Audrey', 'Flores', 'audrey.flores@techcompany.com', '2023-11-13', '1982-04-25', 'F', 2017, 16),
    (3094, 'Eleanor', 'Robinson', 'eleanor.robinson@techcompany.com', '2018-05-02', '1978-07-10', 'F', 2006, 18),
    (3095, 'Kevin', 'Carter', 'kevin.carter@techcompany.com', '2016-02-11', '1988-11-07', 'M', 2031, 8),
    (3096, 'Alexander', 'Taylor', 'alexander.taylor@techcompany.com', '2016-12-12', '1977-02-06', 'M', 2001, 0),
    (3097, 'Eleanor', 'Rivera', 'eleanor.rivera@techcompany.com', '2021-08-29', '1984-05-02', 'F', 2003, 7),
    (3098, 'Victoria', 'Rivera', 'victoria.rivera@techcompany.com', '2024-08-21', '1988-02-22', 'F', 2036, 7),
    (3099, 'Violet', 'Baker', 'violet.baker@techcompany.com', '2024-01-06', '1996-07-04', 'F', 2004, 17),
    (3100, 'Ethan', 'Jackson', 'ethan.jackson@techcompany.com', '2024-04-08', '1998-02-02', 'M', 2023, 5),
    (3101, 'Audrey', 'Carter', 'audrey.carter@techcompany.com', '2024-03-30', '1984-05-15', 'F', 2040, 3),
    (3102, 'Riley', 'Rivera', 'riley.rivera@techcompany.com', '2019-07-07', '1989-09-18', 'F', 2023, 15),
    (3103, 'Charlotte', 'Flores', 'charlotte.flores@techcompany.com', '2015-06-13', '1980-12-11', 'F', 2029, 19),
    (3104, 'Olivia', 'Garcia', 'olivia.garcia@techcompany.com', '2017-07-26', '1974-10-19', 'F', 2019, 0),
    (3105, 'Hazel', 'Williams', 'hazel.williams@techcompany.com', '2023-07-23', '1996-08-17', 'F', 2020, 20),
    (3106, 'Grace', 'Gonzalez', 'grace.gonzalez@techcompany.com', '2021-07-25', '1986-11-27', 'F', 2006, 15),
    (3107, 'Nathan', 'White', 'nathan.white@techcompany.com', '2019-07-31', '1987-06-22', 'M', 2024, 3),
    (3108, 'David', 'Ramirez', 'david.ramirez@techcompany.com', '2022-10-12', '1985-05-22', 'M', 2022, 12),
    (3109, 'Ryan', 'Garcia', 'ryan.garcia@techcompany.com', '2018-07-12', '1988-06-04', 'M', 2027, 12),
    (3110, 'Charles', 'Walker', 'charles.walker@techcompany.com', '2019-08-20', '1996-04-17', 'M', 2014, 11),
    (3111, 'Eleanor', 'Roberts', 'eleanor.roberts@techcompany.com', '2015-07-31', '1987-05-18', 'F', 2009, 4),
    (3112, 'Eleanor', 'Rivera', 'eleanor.rivera1@techcompany.com', '2020-06-08', '1995-01-21', 'F', 2002, 19),
    (3113, 'Alexander', 'Lee', 'alexander.lee1@techcompany.com', '2021-03-06', '1999-09-14', 'M', 2022, 2),
    (3114, 'Lucas', 'Walker', 'lucas.walker1@techcompany.com', '2016-04-26', '1974-03-16', 'M', 2010, 9),
    (3115, 'Nora', 'Young', 'nora.young@techcompany.com', '2020-04-18', '1991-08-18', 'F', 2001, 4),
    (3116, 'Elizabeth', 'Flores', 'elizabeth.flores@techcompany.com', '2020-09-12', '1975-03-28', 'F', 2011, 2),
    (3117, 'Nora', 'Thompson', 'nora.thompson1@techcompany.com', '2023-11-01', '1985-05-27', 'F', 2031, 0),
    (3118, 'Riley', 'Hill', 'riley.hill@techcompany.com', '2021-07-03', '1978-08-28', 'F', 2013, 4),
    (3119, 'Skylar', 'Young', 'skylar.young@techcompany.com', '2018-11-14', '1986-09-25', 'F', 2003, 17),
    (3120, 'Hannah', 'Perez', 'hannah.perez@techcompany.com', '2024-10-01', '1996-12-08', 'F', 2012, 18),
    (3121, 'Avery', 'Turner', 'avery.turner@techcompany.com', '2019-08-10', '1996-06-24', 'F', 2030, 15),
    (3122, 'Penelope', 'Baker', 'penelope.baker@techcompany.com', '2023-11-20', '1981-03-16', 'F', 2005, 1),
    (3123, 'Isaiah', 'Hill', 'isaiah.hill@techcompany.com', '2018-09-21', '1993-08-04', 'M', 2006, 16),
    (3124, 'Emma', 'Mitchell', 'emma.mitchell@techcompany.com', '2016-08-13', '1981-11-05', 'F', 2024, 2),
    (3125, 'Scarlett', 'Thompson', 'scarlett.thompson1@techcompany.com', '2021-12-27', '1977-07-21', 'F', 2005, 2),
    (3126, 'Skylar', 'Sanchez', 'skylar.sanchez@techcompany.com', '2018-07-21', '1976-12-25', 'F', 2017, 15),
    (3127, 'Kevin', 'Jones', 'kevin.jones@techcompany.com', '2017-08-19', '1975-11-10', 'M', 2011, 7),
    (3128, 'Jack', 'Miller', 'jack.miller@techcompany.com', '2023-07-12', '1981-12-28', 'M', 2020, 3),
    (3129, 'Abigail', 'Rivera', 'abigail.rivera@techcompany.com', '2018-05-11', '1996-01-11', 'F', 2031, 1),
    (3130, 'Aurora', 'Harris', 'aurora.harris@techcompany.com', '2019-10-31', '1993-04-17', 'F', 2032, 13),
    (3131, 'Alexander', 'Gonzalez', 'alexander.gonzalez1@techcompany.com', '2015-11-20', '1974-07-20', 'M', 2003, 7),
    (3132, 'Violet', 'Hernandez', 'violet.hernandez@techcompany.com', '2017-08-09', '1981-11-09', 'F', 2038, 14),
    (3133, 'Emma', 'Walker', 'emma.walker@techcompany.com', '2018-03-24', '1975-09-06', 'F', 2027, 2),
    (3134, 'Aurora', 'Hill', 'aurora.hill@techcompany.com', '2018-05-10', '1976-07-23', 'F', 2010, 8),
    (3135, 'Riley', 'Wilson', 'riley.wilson@techcompany.com', '2019-04-25', '1982-02-08', 'F', 2007, 12),
    (3136, 'Hazel', 'Martin', 'hazel.martin@techcompany.com', '2022-11-04', '1991-01-27', 'F', 2028, 12),
    (3137, 'Emma', 'Nguyen', 'emma.nguyen@techcompany.com', '2024-09-13', '1981-12-02', 'F', 2002, 19),
    (3138, 'Victoria', 'Turner', 'victoria.turner@techcompany.com', '2023-12-17', '1994-10-26', 'F', 2006, 11),
    (3139, 'Jacob', 'Green', 'jacob.green@techcompany.com', '2017-10-23', '1974-12-25', 'M', 2013, 4),
    (3140, 'Noah', 'Lee', 'noah.lee@techcompany.com', '2023-11-05', '1987-01-19', 'M', 2010, 11),
    (3141, 'William', 'Martin', 'william.martin@techcompany.com', '2018-08-31', '1973-07-06', 'M', 2002, 6),
    (3142, 'Charles', 'Harris', 'charles.harris@techcompany.com', '2020-12-14', '1982-05-27', 'M', 2015, 5),
    (3143, 'Savannah', 'Martin', 'savannah.martin@techcompany.com', '2023-05-16', '1991-02-15', 'F', 2003, 2),
    (3144, 'Daniel', 'Hall', 'daniel.hall@techcompany.com', '2023-02-14', '1980-07-28', 'M', 2026, 17),
    (3145, 'Charlotte', 'Clark', 'charlotte.clark@techcompany.com', '2015-02-27', '1985-09-04', 'F', 2020, 14),
    (3146, 'Scarlett', 'Hill', 'scarlett.hill@techcompany.com', '2019-04-10', '1977-06-04', 'F', 2002, 7),
    (3147, 'Olivia', 'Green', 'olivia.green@techcompany.com', '2024-11-30', '1985-06-20', 'F', 2009, 7),
    (3148, 'Ryan', 'Rivera', 'ryan.rivera1@techcompany.com', '2018-05-22', '1976-07-04', 'M', 2012, 4),
    (3149, 'Noah', 'Lee', 'noah.lee1@techcompany.com', '2020-07-10', '1995-02-08', 'M', 2013, 17),
    (3150, 'Owen', 'Walker', 'owen.walker@techcompany.com', '2019-02-28', '1976-12-23', 'M', 2002, 17),
    (3151, 'Violet', 'Carter', 'violet.carter@techcompany.com', '2023-02-24', '1997-07-21', 'F', 2015, 3),
    (3152, 'Maya', 'Ramirez', 'maya.ramirez@techcompany.com', '2018-02-19', '1995-12-12', 'F', 2036, 6),
    (3153, 'Eleanor', 'Taylor', 'eleanor.taylor@techcompany.com', '2024-08-04', '1991-02-22', 'F', 2038, 11),
    (3154, 'Isabella', 'Clark', 'isabella.clark@techcompany.com', '2018-02-04', '1990-02-28', 'F', 2012, 14),
    (3155, 'Michael', 'Nelson', 'michael.nelson@techcompany.com', '2022-03-04', '1981-01-02', 'M', 2035, 10),
    (3156, 'Mason', 'Nguyen', 'mason.nguyen@techcompany.com', '2017-04-20', '1993-09-07', 'M', 2004, 18),
    (3157, 'Daniel', 'Thompson', 'daniel.thompson@techcompany.com', '2023-09-07', '1997-10-01', 'M', 2032, 8),
    (3158, 'Mason', 'Scott', 'mason.scott@techcompany.com', '2017-10-23', '1990-02-22', 'M', 2012, 0),
    (3159, 'James', 'White', 'james.white@techcompany.com', '2023-11-10', '1994-10-11', 'M', 2036, 0),
    (3160, 'Jackson', 'Brown', 'jackson.brown@techcompany.com', '2016-06-03', '1971-07-17', 'M', 2004, 3),
    (3161, 'Nathan', 'Robinson', 'nathan.robinson@techcompany.com', '2023-09-22', '1990-09-19', 'M', 2001, 3),
    (3162, 'Addison', 'Thomas', 'addison.thomas@techcompany.com', '2021-11-24', '1998-12-26', 'F', 2009, 16),
    (3163, 'Hannah', 'Nelson', 'hannah.nelson@techcompany.com', '2015-05-08', '1992-08-28', 'F', 2030, 12),
    (3164, 'Mia', 'Allen', 'mia.allen@techcompany.com', '2022-12-27', '1986-02-03', 'F', 2019, 10),
    (3165, 'Elijah', 'Martinez', 'elijah.martinez@techcompany.com', '2018-01-31', '1977-11-19', 'M', 2007, 17),
    (3166, 'Penelope', 'Flores', 'penelope.flores@techcompany.com', '2020-12-13', '1989-08-17', 'F', 2017, 19),
    (3167, 'Mia', 'Rivera', 'mia.rivera@techcompany.com', '2016-04-13', '1974-11-25', 'F', 2037, 17),
    (3168, 'Jack', 'Robinson', 'jack.robinson@techcompany.com', '2024-12-16', '1995-07-11', 'M', 2033, 14),
    (3169, 'Nora', 'Mitchell', 'nora.mitchell@techcompany.com', '2016-01-25', '1984-07-11', 'F', 2006, 8),
    (3170, 'Evelyn', 'Hall', 'evelyn.hall@techcompany.com', '2020-04-26', '1996-02-27', 'F', 2028, 2),
    (3171, 'Jack', 'Miller', 'jack.miller1@techcompany.com', '2023-05-08', '1978-06-26', 'M', 2040, 4),
    (3172, 'Jordan', 'Torres', 'jordan.torres@techcompany.com', '2021-04-19', '1989-11-04', 'M', 2030, 13),
    (3173, 'Lillian', 'Mitchell', 'lillian.mitchell@techcompany.com', '2015-07-30', '1984-10-10', 'F', 2023, 11),
    (3174, 'Caleb', 'King', 'caleb.king@techcompany.com', '2017-05-21', '1991-11-16', 'M', 2007, 7),
    (3175, 'Joseph', 'Torres', 'joseph.torres@techcompany.com', '2019-02-14', '1994-05-19', 'M', 2007, 7),
    (3176, 'Claire', 'Turner', 'claire.turner@techcompany.com', '2024-03-06', '1983-10-22', 'F', 2002, 20),
    (3177, 'Eric', 'Baker', 'eric.baker@techcompany.com', '2024-04-20', '1980-05-01', 'M', 2001, 5),
    (3178, 'Riley', 'Thompson', 'riley.thompson@techcompany.com', '2018-12-08', '1996-03-28', 'F', 2001, 4),
    (3179, 'Sophia', 'Hernandez', 'sophia.hernandez@techcompany.com', '2023-04-24', '1981-01-03', 'F', 2017, 16),
    (3180, 'Owen', 'Ramirez', 'owen.ramirez@techcompany.com', '2020-02-02', '1988-03-12', 'M', 2030, 9),
    (3181, 'Hazel', 'Flores', 'hazel.flores@techcompany.com', '2015-12-14', '1992-03-06', 'F', 2002, 19),
    (3182, 'William', 'Jackson', 'william.jackson1@techcompany.com', '2019-12-20', '1976-07-16', 'M', 2026, 19),
    (3183, 'Nora', 'Jackson', 'nora.jackson@techcompany.com', '2017-06-01', '1979-02-12', 'F', 2035, 13),
    (3184, 'Aiden', 'Hall', 'aiden.hall@techcompany.com', '2022-08-11', '1982-08-17', 'M', 2003, 9),
    (3185, 'Daniel', 'Clark', 'daniel.clark@techcompany.com', '2021-09-20', '1998-01-07', 'M', 2003, 9),
    (3186, 'Mason', 'Roberts', 'mason.roberts@techcompany.com', '2017-11-12', '1986-06-04', 'M', 2007, 0),
    (3187, 'Lillian', 'Gonzalez', 'lillian.gonzalez@techcompany.com', '2016-06-13', '1982-09-23', 'F', 2008, 7),
    (3188, 'Sophia', 'Clark', 'sophia.clark@techcompany.com', '2024-08-30', '1979-01-14', 'F', 2009, 0),
    (3189, 'Sophia', 'Perez', 'sophia.perez@techcompany.com', '2021-06-16', '1986-10-13', 'F', 2001, 20),
    (3190, 'Victoria', 'Davis', 'victoria.davis@techcompany.com', '2019-07-18', '1997-06-06', 'F', 2003, 19),
    (3191, 'Zoey', 'Garcia', 'zoey.garcia@techcompany.com', '2019-11-24', '1994-04-14', 'F', 2032, 18),
    (3192, 'Bella', 'Garcia', 'bella.garcia@techcompany.com', '2019-06-10', '1988-12-11', 'F', 2005, 7),
    (3193, 'Abigail', 'Jones', 'abigail.jones@techcompany.com', '2020-09-21', '1978-02-17', 'F', 2035, 16),
    (3194, 'Joseph', 'White', 'joseph.white@techcompany.com', '2023-02-27', '1981-03-08', 'M', 2009, 3),
    (3195, 'Jackson', 'Wilson', 'jackson.wilson@techcompany.com', '2016-12-11', '1975-03-25', 'M', 2009, 20),
    (3196, 'Henry', 'Turner', 'henry.turner@techcompany.com', '2022-01-16', '1985-08-25', 'M', 2031, 18),
    (3197, 'Hazel', 'Nelson', 'hazel.nelson@techcompany.com', '2022-02-15', '1981-06-28', 'F', 2036, 20),
    (3198, 'Evelyn', 'Robinson', 'evelyn.robinson@techcompany.com', '2015-10-07', '1978-08-21', 'F', 2011, 9),
    (3199, 'Violet', 'Brown', 'violet.brown@techcompany.com', '2018-12-12', '1980-02-10', 'F', 2017, 14),
    (3200, 'Ava', 'Brown', 'ava.brown@techcompany.com', '2019-02-19', '1988-02-21', 'F', 2034, 2);
    

    
    CREATE TABLE Skill (
    skill_id INT PRIMARY KEY,
    skill_name VARCHAR(100) NOT NULL,
    category VARCHAR(50) NOT NULL
);

	INSERT INTO Skill (skill_id, skill_name, category) VALUES
    (4001, 'Python', 'Programming'),
    (4002, 'JavaScript', 'Programming'),
    (4003, 'TypeScript', 'Programming'),
    (4004, 'Java', 'Programming'),
    (4005, 'Go', 'Programming'),
    (4006, 'Rust', 'Programming'),
    (4007, 'C++', 'Programming'),
    (4008, 'Kotlin', 'Mobile'),
    (4009, 'Swift', 'Mobile'),
    (4010, 'React', 'Frontend'),
    (4011, 'Vue.js', 'Frontend'),
    (4012, 'Angular', 'Frontend'),
    (4013, 'Node.js', 'Backend'),
    (4014, 'Django', 'Backend'),
    (4015, 'Spring Boot', 'Backend'),
    (4016, 'PostgreSQL', 'Database'),
    (4017, 'MySQL', 'Database'),
    (4018, 'MongoDB', 'Database'),
    (4019, 'Redis', 'Database'),
    (4020, 'Elasticsearch', 'Database'),
    (4021, 'AWS', 'Cloud'),
    (4022, 'Google Cloud', 'Cloud'),
    (4023, 'Azure', 'Cloud'),
    (4024, 'Kubernetes', 'DevOps'),
    (4025, 'Docker', 'DevOps'),
    (4026, 'Terraform', 'DevOps'),
    (4027, 'CI/CD Pipelines', 'DevOps'),
    (4028, 'Machine Learning', 'AI/ML'),
    (4029, 'Deep Learning', 'AI/ML'),
    (4030, 'NLP', 'AI/ML'),
    (4031, 'Computer Vision', 'AI/ML'),
    (4032, 'Data Analysis', 'Analytics'),
    (4033, 'SQL', 'Database'),
    (4034, 'Tableau', 'Analytics'),
    (4035, 'Power BI', 'Analytics'),
    (4036, 'Cybersecurity', 'Security'),
    (4037, 'Penetration Testing', 'Security'),
    (4038, 'Figma', 'Design'),
    (4039, 'Agile/Scrum', 'Management'),
    (4040, 'System Design', 'Architecture');
    

    
    CREATE TABLE EmployeeSkill (
    emp_id INT,
    skill_id INT,
    acquired_date DATE NOT NULL,
    proficiency VARCHAR(20) NOT NULL,
    
    PRIMARY KEY (emp_id, skill_id),
    
    FOREIGN KEY (emp_id) REFERENCES Employee(emp_id),
    FOREIGN KEY (skill_id) REFERENCES Skill(skill_id)
);
	INSERT INTO EmployeeSkill (emp_id, skill_id, acquired_date, proficiency) VALUES
    (3001, 4032, '2023-12-02', 'Expert'),
    (3001, 4001, '2024-03-03', 'Intermediate'),
    (3001, 4013, '2023-07-22', 'Expert'),
    (3001, 4015, '2023-08-12', 'Advanced'),
    (3001, 4002, '2024-06-20', 'Beginner'),
    (3002, 4001, '2021-06-01', 'Intermediate'),
    (3002, 4027, '2021-04-24', 'Advanced'),
    (3002, 4023, '2021-03-13', 'Expert'),
    (3003, 4015, '2022-01-21', 'Beginner'),
    (3003, 4038, '2022-05-18', 'Expert'),
    (3003, 4001, '2021-12-29', 'Advanced'),
    (3003, 4039, '2022-07-08', 'Intermediate'),
    (3003, 4032, '2022-01-23', 'Beginner'),
    (3004, 4033, '2022-04-04', 'Beginner'),
    (3004, 4031, '2022-07-05', 'Expert'),
    (3004, 4002, '2022-12-23', 'Advanced'),
    (3005, 4025, '2018-07-28', 'Expert'),
    (3005, 4024, '2018-05-19', 'Advanced'),
    (3005, 4020, '2017-09-10', 'Advanced'),
    (3006, 4003, '2020-07-27', 'Intermediate'),
    (3006, 4012, '2020-06-29', 'Intermediate'),
    (3006, 4015, '2020-05-29', 'Advanced'),
    (3006, 4023, '2020-06-10', 'Beginner'),
    (3007, 4033, '2022-08-09', 'Intermediate'),
    (3007, 4038, '2022-08-23', 'Intermediate'),
    (3007, 4031, '2023-01-02', 'Beginner'),
    (3008, 4032, '2023-03-08', 'Advanced'),
    (3008, 4020, '2022-12-15', 'Intermediate'),
    (3008, 4039, '2023-01-28', 'Intermediate'),
    (3008, 4038, '2022-10-05', 'Expert'),
    (3009, 4025, '2017-10-06', 'Expert'),
    (3009, 4021, '2017-07-17', 'Expert'),
    (3009, 4020, '2017-11-07', 'Expert'),
    (3010, 4012, '2020-07-15', 'Beginner'),
    (3010, 4038, '2021-01-31', 'Expert'),
    (3010, 4003, '2020-09-15', 'Beginner'),
    (3011, 4009, '2021-04-15', 'Advanced'),
    (3011, 4001, '2021-09-10', 'Intermediate'),
    (3012, 4002, '2020-12-23', 'Beginner'),
    (3012, 4012, '2020-12-13', 'Advanced'),
    (3012, 4024, '2020-09-22', 'Expert'),
    (3012, 4015, '2020-07-05', 'Advanced'),
    (3012, 4001, '2020-09-16', 'Beginner'),
    (3013, 4004, '2018-03-06', 'Intermediate'),
    (3013, 4016, '2018-01-10', 'Advanced'),
    (3013, 4015, '2018-08-20', 'Intermediate'),
    (3013, 4001, '2018-12-18', 'Expert'),
    (3014, 4032, '2018-08-18', 'Intermediate'),
    (3014, 4001, '2019-02-04', 'Expert'),
    (3014, 4015, '2018-06-25', 'Advanced'),
    (3014, 4033, '2018-08-29', 'Advanced'),
    (3014, 4027, '2018-07-01', 'Beginner'),
    (3015, 4032, '2015-09-19', 'Expert'),
    (3015, 4027, '2016-05-25', 'Beginner'),
    (3015, 4007, '2016-06-12', 'Intermediate'),
    (3016, 4032, '2016-10-04', 'Advanced'),
    (3016, 4033, '2016-03-27', 'Expert'),
    (3016, 4001, '2016-02-28', 'Beginner'),
    (3017, 4038, '2025-08-22', 'Beginner'),
    (3017, 4033, '2025-11-15', 'Expert'),
    (3017, 4031, '2025-07-04', 'Advanced'),
    (3018, 4032, '2020-03-08', 'Intermediate'),
    (3018, 4001, '2020-08-15', 'Beginner'),
    (3019, 4012, '2022-12-26', 'Intermediate'),
    (3019, 4001, '2023-06-21', 'Expert'),
    (3019, 4038, '2023-06-27', 'Expert'),
    (3019, 4015, '2023-05-25', 'Intermediate'),
    (3020, 4024, '2022-04-15', 'Advanced'),
    (3020, 4021, '2022-07-09', 'Beginner'),
    (3020, 4026, '2022-07-08', 'Beginner'),
    (3021, 4009, '2021-12-23', 'Advanced'),
    (3021, 4011, '2021-05-13', 'Intermediate'),
    (3021, 4010, '2021-09-18', 'Advanced'),
    (3021, 4037, '2021-05-19', 'Advanced'),
    (3022, 4024, '2025-06-09', 'Expert'),
    (3022, 4022, '2025-06-02', 'Advanced'),
    (3022, 4025, '2025-02-20', 'Expert'),
    (3022, 4026, '2025-11-06', 'Expert'),
    (3023, 4024, '2023-06-26', 'Beginner'),
    (3023, 4022, '2023-06-29', 'Intermediate'),
    (3023, 4020, '2023-08-27', 'Advanced'),
    (3023, 4025, '2023-05-04', 'Beginner'),
    (3024, 4015, '2022-11-13', 'Expert'),
    (3024, 4013, '2023-04-14', 'Expert'),
    (3025, 4038, '2018-09-05', 'Beginner'),
    (3025, 4015, '2018-07-19', 'Expert'),
    (3025, 4032, '2018-06-09', 'Beginner'),
    (3026, 4020, '2021-03-13', 'Intermediate'),
    (3026, 4038, '2020-07-09', 'Intermediate'),
    (3027, 4001, '2015-07-19', 'Expert'),
    (3027, 4002, '2015-11-01', 'Beginner'),
    (3027, 4037, '2015-11-20', 'Intermediate'),
    (3027, 4010, '2015-12-28', 'Expert'),
    (3027, 4011, '2015-07-23', 'Advanced'),
    (3028, 4003, '2023-05-09', 'Advanced'),
    (3028, 4004, '2023-04-06', 'Beginner'),
    (3028, 4014, '2022-12-13', 'Intermediate'),
    (3028, 4024, '2023-08-12', 'Expert'),
    (3028, 4012, '2023-09-13', 'Beginner'),
    (3029, 4015, '2015-10-21', 'Expert');
INSERT INTO EmployeeSkill (emp_id, skill_id, acquired_date, proficiency) VALUES
    (3029, 4032, '2015-09-07', 'Beginner'),
    (3029, 4002, '2015-08-05', 'Beginner'),
    (3029, 4038, '2016-01-14', 'Intermediate'),
    (3030, 4001, '2018-07-19', 'Advanced'),
    (3030, 4037, '2018-11-16', 'Intermediate'),
    (3030, 4009, '2019-06-15', 'Intermediate'),
    (3030, 4011, '2018-12-18', 'Intermediate'),
    (3030, 4010, '2018-08-17', 'Intermediate'),
    (3031, 4021, '2024-04-02', 'Advanced'),
    (3031, 4023, '2024-05-27', 'Intermediate'),
    (3031, 4020, '2024-08-09', 'Beginner'),
    (3032, 4028, '2025-07-22', 'Expert'),
    (3032, 4023, '2025-06-16', 'Beginner'),
    (3033, 4015, '2017-06-09', 'Advanced'),
    (3033, 4002, '2016-12-18', 'Intermediate'),
    (3033, 4023, '2016-12-19', 'Expert'),
    (3034, 4039, '2024-11-18', 'Intermediate'),
    (3034, 4001, '2024-07-31', 'Intermediate'),
    (3035, 4009, '2017-08-26', 'Advanced'),
    (3035, 4010, '2017-04-11', 'Advanced'),
    (3035, 4037, '2017-06-10', 'Advanced'),
    (3036, 4015, '2021-06-17', 'Beginner'),
    (3036, 4028, '2021-06-01', 'Intermediate'),
    (3036, 4032, '2021-07-17', 'Intermediate'),
    (3037, 4020, '2025-04-22', 'Beginner'),
    (3037, 4024, '2024-11-15', 'Beginner'),
    (3037, 4021, '2024-11-24', 'Advanced'),
    (3038, 4016, '2019-11-30', 'Expert'),
    (3038, 4014, '2020-10-01', 'Advanced'),
    (3038, 4015, '2020-10-08', 'Advanced'),
    (3039, 4039, '2016-12-06', 'Beginner'),
    (3039, 4031, '2017-04-05', 'Beginner'),
    (3039, 4033, '2016-07-07', 'Expert'),
    (3039, 4038, '2016-11-16', 'Expert'),
    (3040, 4002, '2021-04-24', 'Expert'),
    (3040, 4032, '2021-01-04', 'Advanced'),
    (3040, 4038, '2021-07-20', 'Beginner'),
    (3040, 4015, '2021-04-11', 'Intermediate'),
    (3040, 4016, '2021-06-25', 'Beginner'),
    (3041, 4031, '2022-07-08', 'Advanced'),
    (3041, 4037, '2022-12-26', 'Expert'),
    (3041, 4009, '2022-10-18', 'Intermediate'),
    (3041, 4002, '2022-11-27', 'Advanced'),
    (3042, 4039, '2023-03-06', 'Advanced'),
    (3042, 4031, '2023-03-05', 'Beginner'),
    (3042, 4002, '2022-08-09', 'Expert'),
    (3043, 4024, '2022-07-11', 'Advanced'),
    (3043, 4022, '2023-02-24', 'Expert'),
    (3043, 4020, '2022-11-09', 'Beginner'),
    (3043, 4025, '2022-08-10', 'Expert'),
    (3043, 4023, '2022-08-23', 'Advanced'),
    (3044, 4028, '2024-06-02', 'Intermediate'),
    (3044, 4027, '2024-11-08', 'Advanced'),
    (3044, 4001, '2024-06-13', 'Expert'),
    (3044, 4029, '2025-01-20', 'Expert'),
    (3045, 4016, '2022-06-23', 'Expert'),
    (3045, 4038, '2022-11-12', 'Advanced'),
    (3045, 4001, '2023-02-14', 'Advanced'),
    (3045, 4015, '2022-07-17', 'Intermediate'),
    (3046, 4019, '2024-11-25', 'Advanced'),
    (3046, 4015, '2024-07-25', 'Expert'),
    (3046, 4032, '2024-02-10', 'Intermediate'),
    (3046, 4018, '2024-05-11', 'Advanced'),
    (3046, 4017, '2024-02-17', 'Expert'),
    (3047, 4038, '2023-02-02', 'Advanced'),
    (3047, 4031, '2022-10-06', 'Beginner'),
    (3047, 4037, '2022-08-12', 'Advanced'),
    (3048, 4027, '2017-01-30', 'Beginner'),
    (3048, 4032, '2017-06-27', 'Expert'),
    (3049, 4013, '2025-03-05', 'Expert'),
    (3049, 4001, '2025-02-21', 'Intermediate'),
    (3049, 4015, '2024-12-24', 'Beginner'),
    (3049, 4038, '2025-03-15', 'Beginner'),
    (3050, 4033, '2017-08-15', 'Intermediate'),
    (3050, 4031, '2017-03-25', 'Expert'),
    (3050, 4032, '2016-09-27', 'Intermediate'),
    (3050, 4034, '2017-05-19', 'Intermediate'),
    (3051, 4039, '2024-06-15', 'Intermediate'),
    (3051, 4024, '2024-08-29', 'Advanced'),
    (3051, 4032, '2024-10-12', 'Advanced'),
    (3051, 4016, '2024-12-18', 'Advanced'),
    (3052, 4002, '2016-11-29', 'Advanced'),
    (3052, 4039, '2017-06-25', 'Intermediate'),
    (3052, 4009, '2017-06-18', 'Expert'),
    (3052, 4011, '2016-12-09', 'Expert'),
    (3052, 4001, '2016-12-25', 'Advanced'),
    (3053, 4001, '2024-05-05', 'Advanced'),
    (3053, 4028, '2024-03-13', 'Advanced'),
    (3053, 4030, '2025-02-20', 'Beginner'),
    (3053, 4027, '2024-08-16', 'Expert'),
    (3054, 4002, '2025-06-12', 'Advanced'),
    (3054, 4038, '2024-11-07', 'Beginner'),
    (3054, 4033, '2025-07-10', 'Intermediate'),
    (3054, 4031, '2024-12-31', 'Beginner'),
    (3055, 4032, '2022-03-03', 'Expert'),
    (3055, 4016, '2022-06-29', 'Expert'),
    (3055, 4015, '2022-03-03', 'Intermediate'),
    (3056, 4024, '2019-05-03', 'Expert'),
    (3056, 4021, '2019-06-08', 'Intermediate'),
    (3057, 4036, '2022-11-27', 'Intermediate');
INSERT INTO EmployeeSkill (emp_id, skill_id, acquired_date, proficiency) VALUES
    (3057, 4032, '2023-07-13', 'Beginner'),
    (3057, 4035, '2023-01-10', 'Expert'),
    (3058, 4001, '2021-10-11', 'Intermediate'),
    (3058, 4023, '2021-06-28', 'Beginner'),
    (3058, 4024, '2021-02-04', 'Advanced'),
    (3059, 4002, '2022-03-09', 'Expert'),
    (3059, 4039, '2021-09-26', 'Expert'),
    (3060, 4031, '2019-08-02', 'Advanced'),
    (3060, 4001, '2019-03-16', 'Beginner'),
    (3060, 4034, '2019-06-01', 'Advanced'),
    (3060, 4033, '2019-09-27', 'Intermediate'),
    (3061, 4015, '2018-03-07', 'Expert'),
    (3061, 4036, '2018-12-30', 'Beginner'),
    (3061, 4032, '2018-04-26', 'Intermediate'),
    (3062, 4015, '2017-03-07', 'Expert'),
    (3062, 4012, '2017-03-23', 'Advanced'),
    (3062, 4001, '2017-04-10', 'Beginner'),
    (3062, 4013, '2017-03-20', 'Advanced'),
    (3062, 4038, '2017-10-27', 'Intermediate'),
    (3063, 4038, '2021-10-04', 'Intermediate'),
    (3063, 4039, '2021-11-23', 'Advanced'),
    (3064, 4039, '2017-07-21', 'Intermediate'),
    (3064, 4013, '2017-05-06', 'Intermediate'),
    (3065, 4003, '2019-07-22', 'Expert'),
    (3065, 4024, '2019-07-16', 'Intermediate'),
    (3065, 4015, '2019-02-17', 'Beginner'),
    (3065, 4016, '2019-07-10', 'Expert'),
    (3065, 4032, '2019-07-11', 'Advanced'),
    (3066, 4019, '2015-04-21', 'Intermediate'),
    (3066, 4015, '2016-01-08', 'Intermediate'),
    (3067, 4028, '2022-06-21', 'Intermediate'),
    (3067, 4030, '2023-02-15', 'Expert'),
    (3067, 4029, '2022-06-08', 'Expert'),
    (3068, 4015, '2018-05-24', 'Expert'),
    (3068, 4002, '2018-04-25', 'Beginner'),
    (3069, 4020, '2017-11-16', 'Intermediate'),
    (3069, 4028, '2018-09-07', 'Beginner'),
    (3069, 4001, '2017-12-08', 'Expert'),
    (3069, 4023, '2018-05-10', 'Beginner'),
    (3069, 4027, '2018-08-19', 'Beginner'),
    (3070, 4026, '2016-08-11', 'Expert'),
    (3070, 4023, '2016-06-18', 'Intermediate'),
    (3071, 4002, '2017-10-01', 'Beginner'),
    (3071, 4039, '2018-03-07', 'Intermediate'),
    (3071, 4031, '2018-02-20', 'Advanced'),
    (3071, 4038, '2017-05-22', 'Intermediate'),
    (3072, 4002, '2023-09-11', 'Advanced'),
    (3072, 4032, '2024-04-24', 'Expert'),
    (3072, 4008, '2024-05-29', 'Expert'),
    (3072, 4027, '2023-12-26', 'Intermediate'),
    (3073, 4009, '2019-12-17', 'Beginner'),
    (3073, 4037, '2020-09-23', 'Expert'),
    (3073, 4002, '2020-08-30', 'Beginner'),
    (3073, 4031, '2020-02-21', 'Intermediate'),
    (3074, 4001, '2024-04-08', 'Expert'),
    (3074, 4032, '2025-01-22', 'Beginner'),
    (3075, 4008, '2017-04-20', 'Intermediate'),
    (3075, 4027, '2017-01-19', 'Intermediate'),
    (3075, 4007, '2017-09-05', 'Advanced'),
    (3076, 4022, '2024-09-15', 'Advanced'),
    (3076, 4021, '2024-08-04', 'Advanced'),
    (3076, 4020, '2024-06-17', 'Intermediate'),
    (3077, 4009, '2025-10-06', 'Expert'),
    (3077, 4002, '2025-08-31', 'Expert'),
    (3077, 4037, '2024-12-14', 'Advanced'),
    (3077, 4031, '2025-10-15', 'Expert'),
    (3078, 4033, '2021-01-25', 'Intermediate'),
    (3078, 4039, '2021-04-18', 'Expert'),
    (3078, 4038, '2020-11-17', 'Intermediate'),
    (3078, 4031, '2020-12-17', 'Intermediate'),
    (3079, 4003, '2018-09-05', 'Intermediate'),
    (3079, 4014, '2018-06-29', 'Intermediate'),
    (3079, 4012, '2018-08-07', 'Beginner'),
    (3079, 4015, '2018-10-07', 'Advanced'),
    (3079, 4004, '2018-04-07', 'Intermediate'),
    (3080, 4028, '2016-11-25', 'Beginner'),
    (3080, 4029, '2016-01-23', 'Intermediate'),
    (3081, 4023, '2023-05-29', 'Beginner'),
    (3081, 4012, '2023-04-12', 'Intermediate'),
    (3081, 4015, '2023-02-23', 'Expert'),
    (3082, 4038, '2019-11-14', 'Advanced'),
    (3082, 4012, '2019-12-06', 'Expert'),
    (3082, 4016, '2020-03-09', 'Advanced'),
    (3083, 4028, '2021-02-02', 'Expert'),
    (3083, 4031, '2021-05-26', 'Intermediate'),
    (3083, 4029, '2021-06-21', 'Advanced'),
    (3083, 4027, '2021-07-13', 'Beginner'),
    (3084, 4002, '2020-11-11', 'Expert'),
    (3084, 4001, '2020-07-02', 'Intermediate'),
    (3084, 4016, '2020-05-12', 'Advanced'),
    (3085, 4010, '2017-01-14', 'Advanced'),
    (3085, 4011, '2016-09-12', 'Expert'),
    (3085, 4002, '2017-03-28', 'Expert'),
    (3086, 4027, '2021-03-12', 'Expert'),
    (3086, 4020, '2020-09-08', 'Beginner'),
    (3086, 4028, '2021-03-01', 'Beginner'),
    (3086, 4021, '2020-07-14', 'Beginner'),
    (3086, 4001, '2020-06-09', 'Expert'),
    (3087, 4022, '2018-06-01', 'Intermediate'),
    (3087, 4021, '2018-05-02', 'Intermediate');
INSERT INTO EmployeeSkill (emp_id, skill_id, acquired_date, proficiency) VALUES
    (3087, 4024, '2019-01-11', 'Expert'),
    (3088, 4035, '2018-02-05', 'Beginner'),
    (3088, 4039, '2018-10-27', 'Expert'),
    (3088, 4036, '2018-02-03', 'Beginner'),
    (3088, 4023, '2018-10-26', 'Advanced'),
    (3089, 4035, '2024-12-07', 'Beginner'),
    (3089, 4036, '2025-07-09', 'Intermediate'),
    (3089, 4032, '2025-02-14', 'Intermediate'),
    (3090, 4022, '2017-03-06', 'Advanced'),
    (3090, 4025, '2017-08-20', 'Expert'),
    (3090, 4021, '2017-11-10', 'Intermediate'),
    (3090, 4026, '2018-01-16', 'Intermediate'),
    (3091, 4039, '2021-01-30', 'Expert'),
    (3091, 4002, '2021-01-16', 'Expert'),
    (3091, 4001, '2020-08-04', 'Beginner'),
    (3091, 4038, '2021-07-01', 'Intermediate'),
    (3092, 4002, '2019-04-24', 'Advanced'),
    (3092, 4001, '2019-03-14', 'Beginner'),
    (3093, 4002, '2024-11-01', 'Expert'),
    (3093, 4037, '2024-03-30', 'Beginner'),
    (3094, 4015, '2019-02-04', 'Beginner'),
    (3094, 4028, '2018-08-01', 'Advanced'),
    (3095, 4012, '2016-04-24', 'Expert'),
    (3095, 4014, '2016-03-21', 'Advanced'),
    (3096, 4013, '2017-09-14', 'Advanced'),
    (3096, 4024, '2017-06-26', 'Intermediate'),
    (3096, 4016, '2017-11-29', 'Beginner'),
    (3097, 4001, '2021-10-06', 'Advanced'),
    (3097, 4002, '2022-07-04', 'Expert'),
    (3097, 4016, '2022-02-12', 'Beginner'),
    (3097, 4012, '2022-07-19', 'Advanced'),
    (3098, 4002, '2025-05-31', 'Expert'),
    (3098, 4032, '2025-03-30', 'Intermediate'),
    (3098, 4001, '2025-08-04', 'Expert'),
    (3099, 4014, '2025-01-05', 'Beginner'),
    (3099, 4012, '2024-02-17', 'Advanced'),
    (3100, 4032, '2024-10-24', 'Advanced'),
    (3100, 4003, '2024-10-09', 'Beginner'),
    (3100, 4002, '2024-05-24', 'Beginner'),
    (3101, 4020, '2024-06-05', 'Beginner'),
    (3101, 4038, '2024-07-03', 'Expert'),
    (3101, 4032, '2024-11-14', 'Expert'),
    (3101, 4039, '2024-05-21', 'Beginner'),
    (3102, 4002, '2020-05-07', 'Advanced'),
    (3102, 4007, '2020-01-20', 'Beginner'),
    (3103, 4023, '2016-03-25', 'Intermediate'),
    (3103, 4025, '2016-03-31', 'Intermediate'),
    (3103, 4020, '2016-05-28', 'Expert'),
    (3103, 4022, '2015-09-07', 'Intermediate'),
    (3104, 4031, '2017-10-08', 'Beginner'),
    (3104, 4038, '2017-10-19', 'Expert'),
    (3104, 4037, '2017-12-14', 'Expert'),
    (3105, 4015, '2023-11-26', 'Expert'),
    (3105, 4001, '2024-05-22', 'Intermediate'),
    (3105, 4002, '2024-03-13', 'Beginner'),
    (3105, 4032, '2023-09-30', 'Advanced'),
    (3106, 4031, '2022-06-07', 'Expert'),
    (3106, 4028, '2022-01-09', 'Expert'),
    (3107, 4027, '2020-06-03', 'Intermediate'),
    (3107, 4007, '2020-04-01', 'Advanced'),
    (3107, 4039, '2019-10-29', 'Expert'),
    (3107, 4003, '2020-01-10', 'Advanced'),
    (3108, 4002, '2023-05-01', 'Advanced'),
    (3108, 4027, '2022-12-09', 'Intermediate'),
    (3108, 4032, '2023-08-11', 'Intermediate'),
    (3108, 4008, '2023-09-26', 'Beginner'),
    (3109, 4030, '2019-06-21', 'Expert'),
    (3109, 4028, '2018-09-21', 'Advanced'),
    (3109, 4031, '2018-11-12', 'Advanced'),
    (3109, 4001, '2019-06-14', 'Intermediate'),
    (3109, 4027, '2019-02-13', 'Expert'),
    (3110, 4036, '2020-06-13', 'Expert'),
    (3110, 4032, '2020-05-19', 'Expert'),
    (3111, 4022, '2016-07-24', 'Beginner'),
    (3111, 4025, '2015-09-24', 'Intermediate'),
    (3112, 4003, '2020-11-24', 'Expert'),
    (3112, 4038, '2020-08-01', 'Beginner'),
    (3112, 4001, '2020-07-28', 'Advanced'),
    (3112, 4016, '2020-09-29', 'Intermediate'),
    (3113, 4032, '2021-08-29', 'Beginner'),
    (3113, 4002, '2021-11-08', 'Beginner'),
    (3113, 4027, '2021-08-04', 'Expert'),
    (3113, 4008, '2021-04-18', 'Beginner'),
    (3114, 4021, '2016-12-15', 'Intermediate'),
    (3114, 4025, '2017-01-17', 'Expert'),
    (3114, 4022, '2016-10-21', 'Expert'),
    (3115, 4032, '2020-09-28', 'Beginner'),
    (3115, 4038, '2020-09-18', 'Beginner'),
    (3116, 4023, '2021-08-09', 'Beginner'),
    (3116, 4025, '2021-08-24', 'Intermediate'),
    (3117, 4001, '2024-04-18', 'Expert'),
    (3117, 4014, '2024-06-24', 'Intermediate'),
    (3117, 4004, '2024-05-26', 'Intermediate'),
    (3118, 4023, '2022-05-13', 'Intermediate'),
    (3118, 4036, '2022-02-18', 'Expert'),
    (3118, 4035, '2022-01-18', 'Beginner'),
    (3119, 4012, '2019-09-05', 'Beginner'),
    (3119, 4013, '2019-08-15', 'Intermediate'),
    (3119, 4002, '2019-05-20', 'Advanced'),
    (3120, 4015, '2025-09-09', 'Expert');
INSERT INTO EmployeeSkill (emp_id, skill_id, acquired_date, proficiency) VALUES
    (3120, 4035, '2025-06-28', 'Advanced'),
    (3120, 4036, '2025-08-02', 'Expert'),
    (3121, 4004, '2020-07-19', 'Advanced'),
    (3121, 4001, '2020-06-19', 'Beginner'),
    (3121, 4016, '2020-07-19', 'Intermediate'),
    (3121, 4012, '2020-01-17', 'Beginner'),
    (3121, 4017, '2019-12-10', 'Advanced'),
    (3122, 4031, '2024-11-09', 'Intermediate'),
    (3122, 4032, '2024-08-07', 'Expert'),
    (3123, 4032, '2018-12-25', 'Expert'),
    (3123, 4027, '2019-08-12', 'Intermediate'),
    (3123, 4033, '2019-07-02', 'Intermediate'),
    (3123, 4031, '2019-05-29', 'Advanced'),
    (3123, 4015, '2018-12-01', 'Intermediate'),
    (3124, 4027, '2017-04-18', 'Intermediate'),
    (3124, 4008, '2016-11-20', 'Expert'),
    (3124, 4007, '2017-05-27', 'Expert'),
    (3124, 4039, '2017-03-10', 'Expert'),
    (3125, 4033, '2022-04-18', 'Advanced'),
    (3125, 4034, '2022-01-12', 'Advanced'),
    (3125, 4001, '2022-04-21', 'Advanced'),
    (3125, 4032, '2022-03-23', 'Expert'),
    (3125, 4031, '2022-10-12', 'Expert'),
    (3126, 4037, '2019-04-25', 'Advanced'),
    (3126, 4002, '2019-04-24', 'Beginner'),
    (3127, 4020, '2018-07-19', 'Intermediate'),
    (3127, 4024, '2018-01-18', 'Beginner'),
    (3127, 4026, '2018-04-06', 'Advanced'),
    (3127, 4023, '2018-02-13', 'Beginner'),
    (3127, 4025, '2018-03-31', 'Beginner'),
    (3128, 4002, '2024-05-19', 'Expert'),
    (3128, 4032, '2023-10-04', 'Intermediate'),
    (3128, 4015, '2023-10-25', 'Intermediate'),
    (3129, 4015, '2018-10-01', 'Intermediate'),
    (3129, 4014, '2018-10-23', 'Advanced'),
    (3130, 4011, '2020-05-28', 'Beginner'),
    (3130, 4009, '2020-03-20', 'Intermediate'),
    (3130, 4001, '2020-10-24', 'Intermediate'),
    (3130, 4010, '2020-03-06', 'Intermediate'),
    (3131, 4012, '2016-09-10', 'Advanced'),
    (3131, 4016, '2016-10-06', 'Expert'),
    (3131, 4023, '2016-05-30', 'Expert'),
    (3131, 4003, '2015-12-28', 'Beginner'),
    (3132, 4033, '2018-04-15', 'Advanced'),
    (3132, 4034, '2018-06-02', 'Beginner'),
    (3132, 4031, '2017-09-25', 'Expert'),
    (3132, 4032, '2018-06-30', 'Advanced'),
    (3133, 4031, '2018-07-13', 'Expert'),
    (3133, 4028, '2018-07-10', 'Expert'),
    (3134, 4021, '2019-02-14', 'Intermediate'),
    (3134, 4022, '2019-02-23', 'Expert'),
    (3134, 4025, '2018-11-01', 'Beginner'),
    (3134, 4039, '2018-06-02', 'Beginner'),
    (3135, 4001, '2019-04-25', 'Expert'),
    (3135, 4039, '2019-08-06', 'Intermediate'),
    (3135, 4027, '2020-03-22', 'Advanced'),
    (3135, 4029, '2019-07-15', 'Advanced'),
    (3135, 4031, '2019-06-11', 'Advanced'),
    (3136, 4020, '2023-05-25', 'Advanced'),
    (3136, 4022, '2023-10-28', 'Intermediate'),
    (3136, 4021, '2023-06-11', 'Beginner'),
    (3136, 4039, '2023-10-30', 'Beginner'),
    (3137, 4012, '2024-10-22', 'Intermediate'),
    (3137, 4024, '2025-07-13', 'Intermediate'),
    (3138, 4001, '2024-12-06', 'Intermediate'),
    (3138, 4033, '2024-08-17', 'Beginner'),
    (3138, 4028, '2024-04-12', 'Expert'),
    (3138, 4015, '2024-01-31', 'Beginner'),
    (3138, 4027, '2024-02-07', 'Advanced'),
    (3139, 4039, '2018-09-16', 'Intermediate'),
    (3139, 4035, '2017-11-27', 'Beginner'),
    (3139, 4036, '2018-08-31', 'Intermediate'),
    (3139, 4023, '2018-06-05', 'Advanced'),
    (3140, 4025, '2024-10-21', 'Expert'),
    (3140, 4026, '2024-02-24', 'Beginner'),
    (3140, 4020, '2023-12-26', 'Intermediate'),
    (3141, 4038, '2019-02-26', 'Expert'),
    (3141, 4016, '2019-02-08', 'Intermediate'),
    (3142, 4002, '2021-04-20', 'Advanced'),
    (3142, 4031, '2021-12-02', 'Beginner'),
    (3142, 4038, '2021-11-16', 'Advanced'),
    (3143, 4024, '2023-08-20', 'Expert'),
    (3143, 4038, '2023-10-14', 'Beginner'),
    (3143, 4039, '2023-09-15', 'Expert'),
    (3144, 4001, '2023-11-11', 'Beginner'),
    (3144, 4029, '2023-08-17', 'Advanced'),
    (3144, 4028, '2023-04-22', 'Expert'),
    (3144, 4027, '2023-12-02', 'Expert'),
    (3144, 4032, '2023-08-20', 'Intermediate'),
    (3145, 4001, '2015-07-11', 'Intermediate'),
    (3145, 4016, '2015-03-19', 'Beginner'),
    (3145, 4032, '2015-09-18', 'Advanced'),
    (3145, 4015, '2016-01-14', 'Expert'),
    (3145, 4002, '2015-10-01', 'Expert'),
    (3146, 4039, '2020-01-10', 'Intermediate'),
    (3146, 4032, '2019-08-30', 'Beginner'),
    (3147, 4023, '2025-08-31', 'Advanced'),
    (3147, 4020, '2025-06-18', 'Beginner'),
    (3147, 4024, '2025-05-07', 'Expert'),
    (3147, 4021, '2025-04-01', 'Beginner');
INSERT INTO EmployeeSkill (emp_id, skill_id, acquired_date, proficiency) VALUES
    (3148, 4035, '2019-01-09', 'Beginner'),
    (3148, 4036, '2018-10-27', 'Intermediate'),
    (3148, 4015, '2018-07-22', 'Beginner'),
    (3149, 4035, '2021-01-03', 'Advanced'),
    (3149, 4023, '2020-10-03', 'Advanced'),
    (3149, 4036, '2020-09-12', 'Advanced'),
    (3150, 4001, '2019-10-05', 'Advanced'),
    (3150, 4015, '2019-11-23', 'Beginner'),
    (3151, 4038, '2023-03-24', 'Expert'),
    (3151, 4039, '2023-12-11', 'Intermediate'),
    (3151, 4002, '2023-08-31', 'Intermediate'),
    (3151, 4031, '2023-07-04', 'Beginner'),
    (3152, 4032, '2018-03-13', 'Beginner'),
    (3152, 4001, '2018-06-24', 'Beginner'),
    (3153, 4033, '2024-08-22', 'Expert'),
    (3153, 4031, '2024-11-26', 'Advanced'),
    (3153, 4032, '2024-12-09', 'Expert'),
    (3153, 4034, '2025-01-14', 'Advanced'),
    (3154, 4032, '2018-10-19', 'Beginner'),
    (3154, 4035, '2018-05-06', 'Intermediate'),
    (3155, 4018, '2022-10-28', 'Advanced'),
    (3155, 4015, '2022-08-10', 'Advanced'),
    (3156, 4039, '2017-04-24', 'Advanced'),
    (3156, 4024, '2017-07-31', 'Advanced'),
    (3157, 4037, '2024-03-13', 'Expert'),
    (3157, 4011, '2023-12-16', 'Intermediate'),
    (3157, 4002, '2023-11-23', 'Beginner'),
    (3157, 4010, '2024-04-03', 'Beginner'),
    (3158, 4032, '2018-04-12', 'Beginner'),
    (3158, 4015, '2018-09-24', 'Expert'),
    (3158, 4035, '2018-03-29', 'Beginner'),
    (3159, 4001, '2024-07-18', 'Beginner'),
    (3159, 4032, '2024-01-21', 'Advanced'),
    (3159, 4002, '2023-12-27', 'Beginner'),
    (3160, 4039, '2016-12-10', 'Expert'),
    (3160, 4023, '2016-07-16', 'Beginner'),
    (3160, 4015, '2017-02-16', 'Intermediate'),
    (3161, 4002, '2024-01-21', 'Advanced'),
    (3161, 4001, '2024-02-02', 'Advanced'),
    (3161, 4013, '2024-04-10', 'Advanced'),
    (3161, 4016, '2024-03-02', 'Expert'),
    (3161, 4038, '2024-02-08', 'Intermediate'),
    (3162, 4024, '2022-09-19', 'Beginner'),
    (3162, 4022, '2022-02-11', 'Beginner'),
    (3163, 4017, '2015-12-02', 'Beginner'),
    (3163, 4012, '2016-02-06', 'Advanced'),
    (3163, 4001, '2015-08-22', 'Expert'),
    (3164, 4031, '2023-02-11', 'Intermediate'),
    (3164, 4038, '2023-12-13', 'Advanced'),
    (3164, 4037, '2023-12-22', 'Beginner'),
    (3165, 4039, '2018-03-18', 'Intermediate'),
    (3165, 4028, '2018-08-01', 'Expert'),
    (3165, 4027, '2018-10-20', 'Beginner'),
    (3166, 4009, '2021-08-01', 'Intermediate'),
    (3166, 4037, '2021-01-30', 'Expert'),
    (3166, 4010, '2021-02-03', 'Intermediate'),
    (3166, 4002, '2021-02-13', 'Beginner'),
    (3167, 4038, '2016-07-23', 'Expert'),
    (3167, 4033, '2016-10-20', 'Beginner'),
    (3168, 4039, '2025-03-27', 'Expert'),
    (3168, 4001, '2025-02-19', 'Beginner'),
    (3168, 4037, '2025-06-03', 'Beginner'),
    (3168, 4011, '2025-01-06', 'Expert'),
    (3169, 4027, '2016-09-02', 'Expert'),
    (3169, 4032, '2016-10-05', 'Beginner'),
    (3170, 4025, '2020-07-30', 'Advanced'),
    (3170, 4023, '2020-09-16', 'Expert'),
    (3170, 4021, '2020-07-11', 'Beginner'),
    (3170, 4022, '2021-03-06', 'Intermediate'),
    (3170, 4020, '2021-03-23', 'Advanced'),
    (3171, 4020, '2023-06-21', 'Advanced'),
    (3171, 4032, '2023-11-20', 'Intermediate'),
    (3171, 4038, '2023-12-08', 'Intermediate'),
    (3171, 4039, '2024-04-01', 'Intermediate'),
    (3172, 4016, '2022-04-19', 'Advanced'),
    (3172, 4017, '2021-12-20', 'Expert'),
    (3173, 4027, '2015-10-30', 'Beginner'),
    (3173, 4002, '2016-01-09', 'Intermediate'),
    (3173, 4003, '2015-08-14', 'Advanced'),
    (3173, 4032, '2015-08-28', 'Expert'),
    (3174, 4039, '2017-07-11', 'Intermediate'),
    (3174, 4031, '2018-04-22', 'Intermediate'),
    (3174, 4027, '2017-10-04', 'Beginner'),
    (3174, 4032, '2017-09-10', 'Expert'),
    (3175, 4039, '2019-12-14', 'Advanced'),
    (3175, 4027, '2020-02-06', 'Advanced'),
    (3175, 4032, '2019-12-13', 'Beginner'),
    (3175, 4031, '2020-02-09', 'Advanced'),
    (3176, 4038, '2024-12-08', 'Advanced'),
    (3176, 4012, '2024-06-03', 'Expert'),
    (3176, 4024, '2024-03-25', 'Beginner'),
    (3177, 4013, '2024-04-30', 'Expert'),
    (3177, 4038, '2024-04-20', 'Advanced'),
    (3178, 4012, '2019-03-08', 'Advanced'),
    (3178, 4016, '2019-01-07', 'Beginner'),
    (3178, 4032, '2019-02-21', 'Intermediate'),
    (3179, 4009, '2023-11-01', 'Expert'),
    (3179, 4037, '2024-02-18', 'Beginner'),
    (3180, 4014, '2020-09-12', 'Expert'),
    (3180, 4001, '2020-12-30', 'Advanced');
INSERT INTO EmployeeSkill (emp_id, skill_id, acquired_date, proficiency) VALUES
    (3180, 4004, '2020-05-01', 'Advanced'),
    (3180, 4015, '2020-05-26', 'Intermediate'),
    (3181, 4013, '2015-12-14', 'Expert'),
    (3181, 4039, '2016-09-29', 'Beginner'),
    (3181, 4003, '2016-03-16', 'Advanced'),
    (3181, 4032, '2016-10-22', 'Intermediate'),
    (3181, 4015, '2016-11-05', 'Beginner'),
    (3182, 4029, '2020-05-31', 'Intermediate'),
    (3182, 4027, '2020-11-09', 'Beginner'),
    (3182, 4001, '2020-12-16', 'Advanced'),
    (3182, 4028, '2020-08-04', 'Beginner'),
    (3182, 4032, '2020-05-03', 'Intermediate'),
    (3183, 4032, '2017-10-10', 'Beginner'),
    (3183, 4015, '2017-06-01', 'Beginner'),
    (3183, 4017, '2017-12-15', 'Expert'),
    (3184, 4003, '2023-05-17', 'Expert'),
    (3184, 4016, '2022-10-01', 'Expert'),
    (3184, 4023, '2023-06-02', 'Intermediate'),
    (3184, 4038, '2022-11-02', 'Expert'),
    (3184, 4039, '2022-09-17', 'Beginner'),
    (3185, 4001, '2021-10-27', 'Advanced'),
    (3185, 4015, '2021-12-16', 'Expert'),
    (3185, 4013, '2021-12-11', 'Beginner'),
    (3185, 4002, '2022-06-27', 'Beginner'),
    (3186, 4031, '2018-06-20', 'Intermediate'),
    (3186, 4039, '2018-09-18', 'Expert'),
    (3186, 4029, '2018-01-31', 'Beginner'),
    (3186, 4001, '2018-01-02', 'Advanced'),
    (3187, 4027, '2017-03-16', 'Advanced'),
    (3187, 4023, '2017-05-17', 'Advanced'),
    (3187, 4024, '2016-11-12', 'Intermediate'),
    (3188, 4023, '2025-06-18', 'Expert'),
    (3188, 4026, '2024-11-16', 'Beginner'),
    (3189, 4001, '2022-05-20', 'Expert'),
    (3189, 4024, '2021-09-26', 'Beginner'),
    (3189, 4038, '2021-06-29', 'Intermediate'),
    (3189, 4012, '2021-09-11', 'Advanced'),
    (3190, 4023, '2019-12-22', 'Expert'),
    (3190, 4002, '2020-03-15', 'Expert'),
    (3191, 4001, '2020-05-31', 'Expert'),
    (3191, 4011, '2020-05-31', 'Intermediate'),
    (3191, 4010, '2020-07-09', 'Beginner'),
    (3191, 4037, '2020-04-06', 'Expert'),
    (3192, 4032, '2020-05-31', 'Beginner'),
    (3192, 4031, '2019-07-23', 'Advanced'),
    (3192, 4033, '2020-03-13', 'Expert'),
    (3192, 4001, '2020-04-06', 'Intermediate'),
    (3192, 4034, '2020-03-19', 'Beginner'),
    (3193, 4039, '2021-01-19', 'Expert'),
    (3193, 4019, '2021-02-21', 'Beginner'),
    (3193, 4018, '2021-04-11', 'Beginner'),
    (3193, 4032, '2021-06-05', 'Intermediate'),
    (3193, 4017, '2020-11-21', 'Expert'),
    (3194, 4024, '2023-05-02', 'Beginner'),
    (3194, 4022, '2023-10-01', 'Beginner'),
    (3194, 4021, '2024-02-11', 'Expert'),
    (3195, 4022, '2017-10-11', 'Advanced'),
    (3195, 4021, '2017-05-23', 'Beginner'),
    (3195, 4024, '2017-01-24', 'Expert'),
    (3196, 4015, '2022-01-22', 'Expert'),
    (3196, 4017, '2022-03-14', 'Expert'),
    (3196, 4001, '2022-04-02', 'Intermediate'),
    (3196, 4014, '2022-11-02', 'Beginner'),
    (3196, 4012, '2022-03-11', 'Beginner'),
    (3197, 4001, '2022-06-30', 'Expert'),
    (3197, 4002, '2023-01-16', 'Expert'),
    (3197, 4032, '2022-12-04', 'Expert'),
    (3198, 4024, '2016-04-30', 'Intermediate'),
    (3198, 4025, '2016-08-18', 'Expert'),
    (3199, 4010, '2019-11-30', 'Intermediate'),
    (3199, 4002, '2019-01-06', 'Expert'),
    (3200, 4017, '2019-07-28', 'Advanced'),
    (3200, 4015, '2019-10-28', 'Beginner'),
    (3200, 4032, '2019-06-15', 'Intermediate'),
    (3200, 4016, '2019-07-22', 'Expert');
    

    
    CREATE TABLE Salary (
    salary_id INT PRIMARY KEY,
    emp_id INT NOT NULL,
    amount DECIMAL(10,2) NOT NULL,
    effective_date DATE NOT NULL,
    end_date DATE,
    
    FOREIGN KEY (emp_id) REFERENCES Employee(emp_id)
);
	INSERT INTO Salary (salary_id, emp_id, amount, effective_date, end_date) VALUES
    (5001, 3001, 80363, '2023-06-21', NULL),
    (5002, 3002, 127656, '2020-10-20', NULL),
    (5003, 3003, 90851, '2021-08-06', '2023-10-11'),
    (5004, 3003, 107841, '2023-10-12', NULL),
    (5005, 3004, 106684, '2022-01-28', NULL),
    (5006, 3005, 123849, '2017-09-01', NULL),
    (5007, 3006, 123683, '2020-04-20', '2022-03-10'),
    (5008, 3006, 131084, '2022-03-11', NULL),
    (5009, 3007, 103213, '2022-05-23', '2024-12-31'),
    (5010, 3007, 105000, '2025-01-01', NULL),
    (5011, 3008, 91897, '2022-04-30', '2024-06-13'),
    (5012, 3008, 108029, '2024-06-14', NULL),
    (5013, 3009, 96350, '2017-02-23', '2018-06-05'),
    (5014, 3009, 114435, '2018-06-06', NULL),
    (5015, 3010, 98048, '2020-03-09', '2023-10-14'),
    (5016, 3010, 110379, '2023-10-15', NULL),
    (5017, 3011, 88118, '2021-01-23', NULL),
    (5018, 3012, 100855, '2020-05-25', '2024-09-21'),
    (5019, 3012, 112646, '2024-09-22', NULL),
    (5020, 3013, 116102, '2017-12-22', '2020-12-06'),
    (5021, 3013, 125000, '2020-12-07', NULL),
    (5022, 3014, 106951, '2018-04-30', NULL),
    (5023, 3015, 90923, '2015-07-25', '2018-09-22'),
    (5024, 3015, 96146, '2018-09-23', NULL),
    (5025, 3016, 68751, '2015-11-25', NULL),
    (5026, 3017, 84045, '2024-12-25', NULL),
    (5027, 3018, 71213, '2019-09-14', '2021-11-09'),
    (5028, 3018, 75000, '2021-11-10', NULL),
    (5029, 3019, 68418, '2022-07-06', '2024-12-31'),
    (5030, 3019, 71930, '2025-01-01', NULL),
    (5031, 3020, 128671, '2022-03-28', NULL),
    (5032, 3021, 119396, '2021-04-25', NULL),
    (5033, 3022, 134664, '2024-11-17', '2024-12-31'),
    (5034, 3022, 155794, '2025-01-01', NULL),
    (5035, 3023, 108047, '2022-11-21', '2024-12-31'),
    (5036, 3023, 127251, '2025-01-01', NULL),
    (5037, 3024, 150080, '2022-06-10', '2024-12-31'),
    (5038, 3024, 160000, '2025-01-01', NULL),
    (5039, 3025, 129120, '2018-01-20', NULL),
    (5040, 3026, 116027, '2020-06-24', '2021-07-08'),
    (5041, 3026, 130730, '2021-07-09', NULL),
    (5042, 3027, 104525, '2015-01-15', '2019-05-14'),
    (5043, 3027, 119300, '2019-05-15', NULL),
    (5044, 3028, 174560, '2022-11-30', NULL),
    (5045, 3029, 70785, '2015-05-28', '2017-12-13'),
    (5046, 3029, 81125, '2017-12-14', NULL),
    (5047, 3030, 138145, '2018-06-16', '2023-06-10'),
    (5048, 3030, 160000, '2023-06-11', NULL),
    (5049, 3031, 172694, '2023-10-01', '2024-12-31'),
    (5050, 3031, 175000, '2025-01-01', NULL),
    (5051, 3032, 125748, '2024-11-19', NULL),
    (5052, 3033, 159323, '2016-10-14', '2019-07-29'),
    (5053, 3033, 160000, '2019-07-30', NULL),
    (5054, 3034, 131668, '2024-02-27', NULL),
    (5055, 3035, 89372, '2017-03-02', '2020-07-05'),
    (5056, 3035, 99264, '2020-07-06', NULL),
    (5057, 3036, 92314, '2020-09-17', '2024-11-30'),
    (5058, 3036, 108229, '2024-12-01', NULL),
    (5059, 3037, 132489, '2024-11-01', NULL),
    (5060, 3038, 99572, '2019-11-15', NULL),
    (5061, 3039, 176177, '2016-04-18', NULL),
    (5062, 3040, 118494, '2020-10-30', '2022-10-12'),
    (5063, 3040, 130000, '2022-10-13', NULL),
    (5064, 3041, 116870, '2022-06-13', '2024-12-31'),
    (5065, 3041, 124956, '2025-01-01', NULL),
    (5066, 3042, 116951, '2022-06-24', NULL),
    (5067, 3043, 116636, '2022-06-16', NULL),
    (5068, 3044, 121997, '2024-05-07', NULL),
    (5069, 3045, 116996, '2022-05-05', NULL),
    (5070, 3046, 89565, '2023-11-26', '2024-12-31'),
    (5071, 3046, 99692, '2025-01-01', NULL),
    (5072, 3047, 96713, '2022-02-05', '2024-12-31'),
    (5073, 3047, 105814, '2025-01-01', NULL),
    (5074, 3048, 92718, '2016-08-26', '2021-03-16'),
    (5075, 3048, 105470, '2021-03-17', NULL),
    (5076, 3049, 75337, '2024-12-08', '2024-12-31'),
    (5077, 3049, 84759, '2025-01-01', NULL),
    (5078, 3050, 95013, '2016-08-27', '2019-12-20'),
    (5079, 3050, 100534, '2019-12-21', NULL),
    (5080, 3051, 94881, '2024-01-07', '2024-12-31'),
    (5081, 3051, 104501, '2025-01-01', NULL),
    (5082, 3052, 157316, '2016-06-30', NULL),
    (5083, 3053, 139987, '2024-02-21', '2024-12-31'),
    (5084, 3053, 155000, '2025-01-01', NULL),
    (5085, 3054, 111954, '2024-08-29', '2024-12-31'),
    (5086, 3054, 120000, '2025-01-01', NULL),
    (5087, 3055, 78801, '2022-01-11', '2024-07-23'),
    (5088, 3055, 85215, '2024-07-24', NULL),
    (5089, 3056, 101049, '2018-10-07', '2020-08-25'),
    (5090, 3056, 113522, '2020-08-26', NULL),
    (5091, 3057, 90769, '2022-10-13', '2024-12-31'),
    (5092, 3057, 103932, '2025-01-01', NULL),
    (5093, 3058, 181436, '2021-01-31', '2024-10-03'),
    (5094, 3058, 200000, '2024-10-04', NULL),
    (5095, 3059, 102472, '2021-07-20', '2024-08-21'),
    (5096, 3059, 122198, '2024-08-22', NULL),
    (5097, 3060, 60558, '2018-12-11', NULL),
    (5098, 3061, 109801, '2018-01-22', '2022-11-06'),
    (5099, 3061, 110000, '2022-11-07', NULL),
    (5100, 3062, 101306, '2016-11-07', '2019-10-12');
INSERT INTO Salary (salary_id, emp_id, amount, effective_date, end_date) VALUES
    (5101, 3062, 111113, '2019-10-13', NULL),
    (5102, 3063, 151731, '2021-04-30', '2024-12-31'),
    (5103, 3063, 166284, '2025-01-01', NULL),
    (5104, 3064, 89278, '2017-01-14', NULL),
    (5105, 3065, 104542, '2018-10-14', NULL),
    (5106, 3066, 104879, '2015-03-21', NULL),
    (5107, 3067, 169083, '2022-04-23', '2024-12-31'),
    (5108, 3067, 185000, '2025-01-01', NULL),
    (5109, 3068, 69384, '2017-09-04', '2021-06-02'),
    (5110, 3068, 76592, '2021-06-03', NULL),
    (5111, 3069, 122348, '2017-11-15', '2021-02-17'),
    (5112, 3069, 128816, '2021-02-18', NULL),
    (5113, 3070, 124701, '2016-03-18', NULL),
    (5114, 3071, 108598, '2017-03-23', '2018-05-05'),
    (5115, 3071, 123633, '2018-05-06', NULL),
    (5116, 3072, 96074, '2023-08-31', '2024-12-31'),
    (5117, 3072, 110252, '2025-01-01', NULL),
    (5118, 3073, 107448, '2019-10-21', '2024-05-22'),
    (5119, 3073, 116943, '2024-05-23', NULL),
    (5120, 3074, 125044, '2024-03-22', NULL),
    (5121, 3075, 163923, '2016-12-22', NULL),
    (5122, 3076, 117085, '2024-04-05', NULL),
    (5123, 3077, 106293, '2024-11-20', '2024-12-31'),
    (5124, 3077, 118252, '2025-01-01', NULL),
    (5125, 3078, 169920, '2020-07-17', '2022-12-15'),
    (5126, 3078, 185000, '2022-12-16', NULL),
    (5127, 3079, 135035, '2018-02-19', '2022-12-23'),
    (5128, 3079, 154553, '2022-12-24', NULL),
    (5129, 3080, 149733, '2015-12-17', '2017-07-09'),
    (5130, 3080, 172098, '2017-07-10', NULL),
    (5131, 3081, 137693, '2022-12-25', NULL),
    (5132, 3082, 93989, '2019-07-15', '2021-02-12'),
    (5133, 3082, 105900, '2021-02-13', NULL),
    (5134, 3083, 170481, '2020-12-14', '2022-08-03'),
    (5135, 3083, 185000, '2022-08-04', NULL),
    (5136, 3084, 81309, '2020-02-02', '2022-03-16'),
    (5137, 3084, 94862, '2022-03-17', NULL),
    (5138, 3085, 154284, '2016-05-04', NULL),
    (5139, 3086, 133456, '2020-06-06', NULL),
    (5140, 3087, 129356, '2018-04-28', '2022-05-23'),
    (5141, 3087, 145454, '2022-05-24', NULL),
    (5142, 3088, 123611, '2018-01-28', NULL),
    (5143, 3089, 116500, '2024-10-14', '2024-12-31'),
    (5144, 3089, 122547, '2025-01-01', NULL),
    (5145, 3090, 85832, '2017-01-25', NULL),
    (5146, 3091, 157627, '2020-07-07', NULL),
    (5147, 3092, 49887, '2018-05-29', NULL),
    (5148, 3093, 103535, '2023-11-13', '2024-12-31'),
    (5149, 3093, 105000, '2025-01-01', NULL),
    (5150, 3094, 105149, '2018-05-02', '2020-12-27'),
    (5151, 3094, 114572, '2020-12-28', NULL),
    (5152, 3095, 128282, '2016-02-11', '2018-02-01'),
    (5153, 3095, 151516, '2018-02-02', NULL),
    (5154, 3096, 82926, '2016-12-12', '2021-09-27'),
    (5155, 3096, 85000, '2021-09-28', NULL),
    (5156, 3097, 127595, '2021-08-29', '2022-11-29'),
    (5157, 3097, 134159, '2022-11-30', NULL),
    (5158, 3098, 49534, '2024-08-21', NULL),
    (5159, 3099, 166174, '2024-01-06', '2024-12-31'),
    (5160, 3099, 198289, '2025-01-01', NULL),
    (5161, 3100, 102583, '2024-04-08', NULL),
    (5162, 3101, 96091, '2024-03-30', '2024-12-31'),
    (5163, 3101, 103531, '2025-01-01', NULL),
    (5164, 3102, 111265, '2019-07-07', '2023-01-25'),
    (5165, 3102, 121365, '2023-01-26', NULL),
    (5166, 3103, 115278, '2015-06-13', NULL),
    (5167, 3104, 106342, '2017-07-26', NULL),
    (5168, 3105, 86261, '2023-07-23', NULL),
    (5169, 3106, 100930, '2021-07-25', '2024-12-31'),
    (5170, 3106, 116974, '2025-01-01', NULL),
    (5171, 3107, 135446, '2019-07-31', '2023-11-20'),
    (5172, 3107, 152024, '2023-11-21', NULL),
    (5173, 3108, 122286, '2022-10-12', NULL),
    (5174, 3109, 121879, '2018-07-12', NULL),
    (5175, 3110, 108501, '2019-08-20', NULL),
    (5176, 3111, 88562, '2015-07-31', '2019-04-24'),
    (5177, 3111, 94490, '2019-04-25', NULL),
    (5178, 3112, 111953, '2020-06-08', '2021-10-14'),
    (5179, 3112, 120000, '2021-10-15', NULL),
    (5180, 3113, 105593, '2021-03-06', '2024-12-31'),
    (5181, 3113, 119185, '2025-01-01', NULL),
    (5182, 3114, 157791, '2016-04-26', NULL),
    (5183, 3115, 62339, '2020-04-18', NULL),
    (5184, 3116, 132170, '2020-09-12', '2024-12-31'),
    (5185, 3116, 150000, '2025-01-01', NULL),
    (5186, 3117, 131241, '2023-11-01', '2024-12-31'),
    (5187, 3117, 147290, '2025-01-01', NULL),
    (5188, 3118, 153496, '2021-07-03', NULL),
    (5189, 3119, 145223, '2018-11-14', '2022-12-30'),
    (5190, 3119, 160000, '2022-12-31', NULL),
    (5191, 3120, 78576, '2024-10-01', '2024-12-31'),
    (5192, 3120, 88463, '2025-01-01', NULL),
    (5193, 3121, 115755, '2019-08-10', NULL),
    (5194, 3122, 55419, '2023-11-20', '2024-12-31'),
    (5195, 3122, 60855, '2025-01-01', NULL),
    (5196, 3123, 111685, '2018-09-21', NULL),
    (5197, 3124, 128299, '2016-08-13', '2020-09-12'),
    (5198, 3124, 147094, '2020-09-13', NULL),
    (5199, 3125, 63214, '2021-12-27', NULL),
    (5200, 3126, 75166, '2018-07-21', '2022-10-05');
INSERT INTO Salary (salary_id, emp_id, amount, effective_date, end_date) VALUES
    (5201, 3126, 83976, '2022-10-06', NULL),
    (5202, 3127, 142666, '2017-08-19', '2019-04-18'),
    (5203, 3127, 150000, '2019-04-19', NULL),
    (5204, 3128, 89419, '2023-07-12', NULL),
    (5205, 3129, 131726, '2018-05-11', '2019-07-22'),
    (5206, 3129, 149320, '2019-07-23', NULL),
    (5207, 3130, 80011, '2019-10-31', NULL),
    (5208, 3131, 159597, '2015-11-20', NULL),
    (5209, 3132, 89962, '2017-08-09', NULL),
    (5210, 3133, 146853, '2018-03-24', '2022-12-27'),
    (5211, 3133, 155000, '2022-12-28', NULL),
    (5212, 3134, 142338, '2018-05-10', '2019-08-28'),
    (5213, 3134, 160000, '2019-08-29', NULL),
    (5214, 3135, 159783, '2019-04-25', '2023-10-14'),
    (5215, 3135, 170000, '2023-10-15', NULL),
    (5216, 3136, 173068, '2022-11-04', '2024-12-31'),
    (5217, 3136, 175000, '2025-01-01', NULL),
    (5218, 3137, 99532, '2024-09-13', '2024-12-31'),
    (5219, 3137, 116898, '2025-01-01', NULL),
    (5220, 3138, 109135, '2023-12-17', '2024-12-31'),
    (5221, 3138, 126085, '2025-01-01', NULL),
    (5222, 3139, 113000, '2017-10-23', NULL),
    (5223, 3140, 152271, '2023-11-05', '2024-12-31'),
    (5224, 3140, 160000, '2025-01-01', NULL),
    (5225, 3141, 97839, '2018-08-31', '2021-11-11'),
    (5226, 3141, 105894, '2021-11-12', NULL),
    (5227, 3142, 112489, '2020-12-14', NULL),
    (5228, 3143, 127062, '2023-05-16', NULL),
    (5229, 3144, 113047, '2023-02-14', NULL),
    (5230, 3145, 92442, '2015-02-27', NULL),
    (5231, 3146, 93075, '2019-04-10', NULL),
    (5232, 3147, 109524, '2024-11-30', '2024-12-31'),
    (5233, 3147, 120000, '2025-01-01', NULL),
    (5234, 3148, 83823, '2018-05-22', NULL),
    (5235, 3149, 110284, '2020-07-10', '2021-10-16'),
    (5236, 3149, 124950, '2021-10-17', NULL),
    (5237, 3150, 113364, '2019-02-28', NULL),
    (5238, 3151, 131649, '2023-02-24', NULL),
    (5239, 3152, 50806, '2018-02-19', NULL),
    (5240, 3153, 81380, '2024-08-04', NULL),
    (5241, 3154, 83413, '2018-02-04', '2022-10-11'),
    (5242, 3154, 95097, '2022-10-12', NULL),
    (5243, 3155, 136092, '2022-03-04', '2025-04-28'),
    (5244, 3155, 151443, '2025-04-29', NULL),
    (5245, 3156, 194911, '2017-04-20', NULL),
    (5246, 3157, 96268, '2023-09-07', '2024-12-31'),
    (5247, 3157, 115095, '2025-01-01', NULL),
    (5248, 3158, 104677, '2017-10-23', NULL),
    (5249, 3159, 49527, '2023-11-10', '2024-12-31'),
    (5250, 3159, 58588, '2025-01-01', NULL),
    (5251, 3160, 188573, '2016-06-03', '2021-05-08'),
    (5252, 3160, 200000, '2021-05-09', NULL),
    (5253, 3161, 65286, '2023-09-22', NULL),
    (5254, 3162, 116279, '2021-11-24', NULL),
    (5255, 3163, 98165, '2015-05-08', '2017-12-22'),
    (5256, 3163, 113183, '2017-12-23', NULL),
    (5257, 3164, 83694, '2022-12-27', NULL),
    (5258, 3165, 141653, '2018-01-31', '2022-12-21'),
    (5259, 3165, 162267, '2022-12-22', NULL),
    (5260, 3166, 77563, '2020-12-13', NULL),
    (5261, 3167, 101481, '2016-04-13', '2021-01-07'),
    (5262, 3167, 105000, '2021-01-08', NULL),
    (5263, 3168, 154989, '2024-12-16', '2024-12-31'),
    (5264, 3168, 160000, '2025-01-01', NULL),
    (5265, 3169, 124257, '2016-01-25', '2019-03-14'),
    (5266, 3169, 130000, '2019-03-15', NULL),
    (5267, 3170, 173925, '2020-04-26', '2022-10-23'),
    (5268, 3170, 175000, '2022-10-24', NULL),
    (5269, 3171, 100547, '2023-05-08', NULL),
    (5270, 3172, 101420, '2021-04-19', '2022-08-23'),
    (5271, 3172, 116997, '2022-08-24', NULL),
    (5272, 3173, 104342, '2015-07-30', '2019-08-10'),
    (5273, 3173, 110064, '2019-08-11', NULL),
    (5274, 3174, 159661, '2017-05-21', '2022-03-03'),
    (5275, 3174, 170000, '2022-03-04', NULL),
    (5276, 3175, 144700, '2019-02-14', NULL),
    (5277, 3176, 110486, '2024-03-06', '2024-12-31'),
    (5278, 3176, 120000, '2025-01-01', NULL),
    (5279, 3177, 76774, '2024-04-20', '2024-12-31'),
    (5280, 3177, 85000, '2025-01-01', NULL),
    (5281, 3178, 80824, '2018-12-08', NULL),
    (5282, 3179, 90490, '2023-04-24', NULL),
    (5283, 3180, 88525, '2020-02-02', '2022-06-29'),
    (5284, 3180, 95647, '2022-06-30', NULL),
    (5285, 3181, 114036, '2015-12-14', NULL),
    (5286, 3182, 151535, '2019-12-20', NULL),
    (5287, 3183, 139100, '2017-06-01', NULL),
    (5288, 3184, 155822, '2022-08-11', NULL),
    (5289, 3185, 132875, '2021-09-20', NULL),
    (5290, 3186, 142681, '2017-11-12', '2019-11-09'),
    (5291, 3186, 170000, '2019-11-10', NULL),
    (5292, 3187, 114880, '2016-06-13', '2018-06-02'),
    (5293, 3187, 133290, '2018-06-03', NULL),
    (5294, 3188, 87821, '2024-08-30', '2024-12-31'),
    (5295, 3188, 95888, '2025-01-01', NULL),
    (5296, 3189, 63658, '2021-06-16', '2024-12-31'),
    (5297, 3189, 74919, '2025-01-01', NULL),
    (5298, 3190, 120369, '2019-07-18', '2024-07-08'),
    (5299, 3190, 143314, '2024-07-09', NULL),
    (5300, 3191, 82617, '2019-11-24', '2022-09-13');
INSERT INTO Salary (salary_id, emp_id, amount, effective_date, end_date) VALUES
    (5301, 3191, 94144, '2022-09-14', NULL),
    (5302, 3192, 70492, '2019-06-10', NULL),
    (5303, 3193, 134736, '2020-09-21', '2024-12-05'),
    (5304, 3193, 152591, '2024-12-06', NULL),
    (5305, 3194, 84776, '2023-02-27', NULL),
    (5306, 3195, 100831, '2016-12-11', '2018-12-21'),
    (5307, 3195, 113746, '2018-12-22', NULL),
    (5308, 3196, 158104, '2022-01-16', '2024-12-31'),
    (5309, 3196, 165000, '2025-01-01', NULL),
    (5310, 3197, 48012, '2022-02-15', '2024-04-25'),
    (5311, 3197, 55189, '2024-04-26', NULL),
    (5312, 3198, 131696, '2015-10-07', '2017-12-26'),
    (5313, 3198, 150000, '2017-12-27', NULL),
    (5314, 3199, 104766, '2018-12-12', '2023-02-02'),
    (5315, 3199, 105000, '2023-02-03', NULL),
    (5316, 3200, 75576, '2019-02-19', '2022-01-26'),
    (5317, 3200, 84407, '2022-01-27', NULL);

    
    CREATE TABLE EmployeeStatus (
    status_id INT PRIMARY KEY,
    emp_id INT NOT NULL,
    status_type VARCHAR(50) NOT NULL,
    start_date DATE NOT NULL,
    end_date DATE,
    
    FOREIGN KEY (emp_id) REFERENCES Employee(emp_id)
);
    
    INSERT INTO EmployeeStatus (status_id, emp_id, status_type, start_date, end_date) VALUES
    (6001, 3001, 'Terminated', '2023-06-21', '2025-06-01'),
    (6002, 3002, 'Terminated', '2020-10-20', '2022-08-30'),
    (6003, 3003, 'Contractor', '2021-08-06', NULL),
    (6004, 3004, 'Remote', '2022-01-28', NULL),
    (6005, 3005, 'Active', '2017-09-01', NULL),
    (6006, 3006, 'Terminated', '2020-04-20', '2021-06-06'),
    (6007, 3007, 'Active', '2022-05-23', NULL),
    (6008, 3008, 'Active', '2022-04-30', NULL),
    (6009, 3009, 'Active', '2017-02-23', NULL),
    (6010, 3010, 'Terminated', '2020-03-09', '2024-12-30'),
    (6011, 3011, 'Active', '2021-01-23', NULL),
    (6012, 3012, 'Remote', '2020-05-25', NULL),
    (6013, 3013, 'Active', '2017-12-22', NULL),
    (6014, 3014, 'Active', '2018-04-30', NULL),
    (6015, 3015, 'Terminated', '2015-07-25', '2017-02-18'),
    (6016, 3016, 'Active', '2015-11-25', NULL),
    (6017, 3017, 'Active', '2024-12-25', NULL),
    (6018, 3018, 'Active', '2019-09-14', NULL),
    (6019, 3019, 'Contractor', '2022-07-06', NULL),
    (6020, 3020, 'Remote', '2022-03-28', NULL),
    (6021, 3021, 'Active', '2021-04-25', NULL),
    (6022, 3022, 'On Leave', '2024-11-17', NULL),
    (6023, 3023, 'Active', '2022-11-21', NULL),
    (6024, 3024, 'On Leave', '2022-06-10', NULL),
    (6025, 3025, 'Active', '2018-01-20', NULL),
    (6026, 3026, 'Remote', '2020-06-24', NULL),
    (6027, 3027, 'Probation', '2015-01-15', NULL),
    (6028, 3028, 'Active', '2022-11-30', NULL),
    (6029, 3029, 'Remote', '2015-05-28', NULL),
    (6030, 3030, 'Probation', '2018-06-16', NULL),
    (6031, 3031, 'Remote', '2023-10-01', NULL),
    (6032, 3032, 'Active', '2024-11-19', NULL),
    (6033, 3033, 'Remote', '2016-10-14', NULL),
    (6034, 3034, 'Active', '2024-02-27', NULL),
    (6035, 3035, 'Remote', '2017-03-02', NULL),
    (6036, 3036, 'Active', '2020-09-17', NULL),
    (6037, 3037, 'Remote', '2024-11-01', NULL),
    (6038, 3038, 'Active', '2019-11-15', NULL),
    (6039, 3039, 'Active', '2016-04-18', NULL),
    (6040, 3040, 'Active', '2020-10-30', NULL),
    (6041, 3041, 'Active', '2022-06-13', NULL),
    (6042, 3042, 'Active', '2022-06-24', NULL),
    (6043, 3043, 'Remote', '2022-06-16', NULL),
    (6044, 3044, 'Terminated', '2024-05-07', '2025-06-01'),
    (6045, 3045, 'Active', '2022-05-05', NULL),
    (6046, 3046, 'On Leave', '2023-11-26', NULL),
    (6047, 3047, 'Active', '2022-02-05', NULL),
    (6048, 3048, 'Active', '2016-08-26', NULL),
    (6049, 3049, 'On Leave', '2024-12-08', NULL),
    (6050, 3050, 'Active', '2016-08-27', NULL),
    (6051, 3051, 'On Leave', '2024-01-07', NULL),
    (6052, 3052, 'On Leave', '2016-06-30', NULL),
    (6053, 3053, 'Remote', '2024-02-21', NULL),
    (6054, 3054, 'Active', '2024-08-29', NULL),
    (6055, 3055, 'Remote', '2022-01-11', NULL),
    (6056, 3056, 'Active', '2018-10-07', NULL),
    (6057, 3057, 'Terminated', '2022-10-13', '2023-11-14'),
    (6058, 3058, 'Active', '2021-01-31', NULL),
    (6059, 3059, 'Remote', '2021-07-20', NULL),
    (6060, 3060, 'On Leave', '2018-12-11', NULL),
    (6061, 3061, 'Active', '2018-01-22', NULL),
    (6062, 3062, 'Terminated', '2016-11-07', '2019-06-26'),
    (6063, 3063, 'Active', '2021-04-30', NULL),
    (6064, 3064, 'On Leave', '2017-01-14', NULL),
    (6065, 3065, 'Active', '2018-10-14', NULL),
    (6066, 3066, 'Active', '2015-03-21', NULL),
    (6067, 3067, 'Active', '2022-04-23', NULL),
    (6068, 3068, 'Active', '2017-09-04', NULL),
    (6069, 3069, 'Remote', '2017-11-15', NULL),
    (6070, 3070, 'Active', '2016-03-18', NULL),
    (6071, 3071, 'Contractor', '2017-03-23', NULL),
    (6072, 3072, 'Active', '2023-08-31', NULL),
    (6073, 3073, 'On Leave', '2019-10-21', NULL),
    (6074, 3074, 'Terminated', '2024-03-22', '2025-06-01'),
    (6075, 3075, 'On Leave', '2016-12-22', NULL),
    (6076, 3076, 'Contractor', '2024-04-05', NULL),
    (6077, 3077, 'Active', '2024-11-20', NULL),
    (6078, 3078, 'Probation', '2020-07-17', NULL),
    (6079, 3079, 'Active', '2018-02-19', NULL),
    (6080, 3080, 'Active', '2015-12-17', NULL),
    (6081, 3081, 'Active', '2022-12-25', NULL),
    (6082, 3082, 'Active', '2019-07-15', NULL),
    (6083, 3083, 'Active', '2020-12-14', NULL),
    (6084, 3084, 'Active', '2020-02-02', NULL),
    (6085, 3085, 'Active', '2016-05-04', NULL),
    (6086, 3086, 'Remote', '2020-06-06', NULL),
    (6087, 3087, 'Remote', '2018-04-28', NULL),
    (6088, 3088, 'Active', '2018-01-28', NULL),
    (6089, 3089, 'Terminated', '2024-10-14', '2025-06-01'),
    (6090, 3090, 'Active', '2017-01-25', NULL),
    (6091, 3091, 'Active', '2020-07-07', NULL),
    (6092, 3092, 'On Leave', '2018-05-29', NULL),
    (6093, 3093, 'Active', '2023-11-13', NULL),
    (6094, 3094, 'Active', '2018-05-02', NULL),
    (6095, 3095, 'On Leave', '2016-02-11', NULL),
    (6096, 3096, 'Active', '2016-12-12', NULL),
    (6097, 3097, 'Active', '2021-08-29', NULL),
    (6098, 3098, 'Remote', '2024-08-21', NULL),
    (6099, 3099, 'Contractor', '2024-01-06', NULL),
    (6100, 3100, 'Active', '2024-04-08', NULL),
    (6101, 3101, 'On Leave', '2024-03-30', NULL),
    (6102, 3102, 'Active', '2019-07-07', NULL),
    (6103, 3103, 'On Leave', '2015-06-13', NULL),
    (6104, 3104, 'Active', '2017-07-26', NULL),
    (6105, 3105, 'Active', '2023-07-23', NULL),
    (6106, 3106, 'Active', '2021-07-25', NULL),
    (6107, 3107, 'Contractor', '2019-07-31', NULL),
    (6108, 3108, 'Active', '2022-10-12', NULL),
    (6109, 3109, 'On Leave', '2018-07-12', NULL),
    (6110, 3110, 'Active', '2019-08-20', NULL),
    (6111, 3111, 'Active', '2015-07-31', NULL),
    (6112, 3112, 'Active', '2020-06-08', NULL),
    (6113, 3113, 'Active', '2021-03-06', NULL),
    (6114, 3114, 'Active', '2016-04-26', NULL),
    (6115, 3115, 'Active', '2020-04-18', NULL),
    (6116, 3116, 'On Leave', '2020-09-12', NULL),
    (6117, 3117, 'Remote', '2023-11-01', NULL),
    (6118, 3118, 'Active', '2021-07-03', NULL),
    (6119, 3119, 'Active', '2018-11-14', NULL),
    (6120, 3120, 'Remote', '2024-10-01', NULL),
    (6121, 3121, 'Contractor', '2019-08-10', NULL),
    (6122, 3122, 'Active', '2023-11-20', NULL),
    (6123, 3123, 'Active', '2018-09-21', NULL),
    (6124, 3124, 'Remote', '2016-08-13', NULL),
    (6125, 3125, 'Remote', '2021-12-27', NULL),
    (6126, 3126, 'On Leave', '2018-07-21', NULL),
    (6127, 3127, 'Active', '2017-08-19', NULL),
    (6128, 3128, 'Active', '2023-07-12', NULL),
    (6129, 3129, 'On Leave', '2018-05-11', NULL),
    (6130, 3130, 'Active', '2019-10-31', NULL),
    (6131, 3131, 'Active', '2015-11-20', NULL),
    (6132, 3132, 'Active', '2017-08-09', NULL),
    (6133, 3133, 'Remote', '2018-03-24', NULL),
    (6134, 3134, 'Active', '2018-05-10', NULL),
    (6135, 3135, 'Active', '2019-04-25', NULL),
    (6136, 3136, 'On Leave', '2022-11-04', NULL),
    (6137, 3137, 'Active', '2024-09-13', NULL),
    (6138, 3138, 'Active', '2023-12-17', NULL),
    (6139, 3139, 'Remote', '2017-10-23', NULL),
    (6140, 3140, 'Terminated', '2023-11-05', '2025-06-01'),
    (6141, 3141, 'Active', '2018-08-31', NULL),
    (6142, 3142, 'Terminated', '2020-12-14', '2021-11-15'),
    (6143, 3143, 'Remote', '2023-05-16', NULL),
    (6144, 3144, 'Terminated', '2023-02-14', '2025-06-01'),
    (6145, 3145, 'On Leave', '2015-02-27', NULL),
    (6146, 3146, 'Remote', '2019-04-10', NULL),
    (6147, 3147, 'Active', '2024-11-30', NULL),
    (6148, 3148, 'Remote', '2018-05-22', NULL),
    (6149, 3149, 'Active', '2020-07-10', NULL),
    (6150, 3150, 'Active', '2019-02-28', NULL),
    (6151, 3151, 'Active', '2023-02-24', NULL),
    (6152, 3152, 'Terminated', '2018-02-19', '2021-08-27'),
    (6153, 3153, 'Active', '2024-08-04', NULL),
    (6154, 3154, 'Remote', '2018-02-04', NULL),
    (6155, 3155, 'Active', '2022-03-04', NULL),
    (6156, 3156, 'Active', '2017-04-20', NULL),
    (6157, 3157, 'Remote', '2023-09-07', NULL),
    (6158, 3158, 'Remote', '2017-10-23', NULL),
    (6159, 3159, 'Active', '2023-11-10', NULL),
    (6160, 3160, 'Active', '2016-06-03', NULL),
    (6161, 3161, 'Active', '2023-09-22', NULL),
    (6162, 3162, 'Active', '2021-11-24', NULL),
    (6163, 3163, 'Active', '2015-05-08', NULL),
    (6164, 3164, 'On Leave', '2022-12-27', NULL),
    (6165, 3165, 'Probation', '2018-01-31', NULL),
    (6166, 3166, 'Remote', '2020-12-13', NULL),
    (6167, 3167, 'On Leave', '2016-04-13', NULL),
    (6168, 3168, 'Active', '2024-12-16', NULL),
    (6169, 3169, 'Active', '2016-01-25', NULL),
    (6170, 3170, 'Active', '2020-04-26', NULL),
    (6171, 3171, 'Active', '2023-05-08', NULL),
    (6172, 3172, 'Terminated', '2021-04-19', '2025-06-01'),
    (6173, 3173, 'Probation', '2015-07-30', NULL),
    (6174, 3174, 'Active', '2017-05-21', NULL),
    (6175, 3175, 'Remote', '2019-02-14', NULL),
    (6176, 3176, 'Terminated', '2024-03-06', '2024-11-23'),
    (6177, 3177, 'Active', '2024-04-20', NULL),
    (6178, 3178, 'Active', '2018-12-08', NULL),
    (6179, 3179, 'Active', '2023-04-24', NULL),
    (6180, 3180, 'Active', '2020-02-02', NULL),
    (6181, 3181, 'Active', '2015-12-14', NULL),
    (6182, 3182, 'Active', '2019-12-20', NULL),
    (6183, 3183, 'Terminated', '2017-06-01', '2019-12-07'),
    (6184, 3184, 'Active', '2022-08-11', NULL),
    (6185, 3185, 'Terminated', '2021-09-20', '2022-06-22'),
    (6186, 3186, 'Active', '2017-11-12', NULL),
    (6187, 3187, 'On Leave', '2016-06-13', NULL),
    (6188, 3188, 'Active', '2024-08-30', NULL),
    (6189, 3189, 'Contractor', '2021-06-16', NULL),
    (6190, 3190, 'On Leave', '2019-07-18', NULL),
    (6191, 3191, 'Active', '2019-11-24', NULL),
    (6192, 3192, 'Remote', '2019-06-10', NULL),
    (6193, 3193, 'Active', '2020-09-21', NULL),
    (6194, 3194, 'Active', '2023-02-27', NULL),
    (6195, 3195, 'Active', '2016-12-11', NULL),
    (6196, 3196, 'Active', '2022-01-16', NULL),
    (6197, 3197, 'Active', '2022-02-15', NULL),
    (6198, 3198, 'Terminated', '2015-10-07', '2016-09-10'),
    (6199, 3199, 'Active', '2018-12-12', NULL),
    (6200, 3200, 'Active', '2019-02-19', NULL);
    


    CREATE TABLE Project (
    project_id INT PRIMARY KEY,
    project_name VARCHAR(150) NOT NULL,
    description TEXT,
    start_date DATE NOT NULL,
    end_date DATE,
    status VARCHAR(50) NOT NULL,
    manager_id INT,
    
    FOREIGN KEY (manager_id) REFERENCES Employee(emp_id)
);
    INSERT INTO Project (project_id, project_name, description, start_date, end_date, status, manager_id) VALUES
    (7001, 'Project Phoenix', 'Initiative to deliver project phoenix capabilities for the organisation.', '2017-07-01', '2019-03-11', 'Active', 3099),
    (7002, 'Quantum Leap', 'Initiative to deliver quantum leap capabilities for the organisation.', '2020-06-17', '2022-01-21', 'On Hold', 3006),
    (7003, 'DataVault', 'Initiative to deliver datavault capabilities for the organisation.', '2020-08-17', '2021-04-06', 'Active', 3063),
    (7004, 'CloudMigration Pro', 'Initiative to deliver cloudmigration pro capabilities for the organisation.', '2015-11-12', '2017-07-20', 'Completed', 3058),
    (7005, 'SecureShield', 'Initiative to deliver secureshield capabilities for the organisation.', '2016-09-07', '2017-06-15', 'Active', 3170),
    (7006, 'MobileFirst', 'Initiative to deliver mobilefirst capabilities for the organisation.', '2023-01-17', '2023-08-16', 'Completed', 3119),
    (7007, 'NeuralNet Platform', 'Initiative to deliver neuralnet platform capabilities for the organisation.', '2018-09-14', '2020-12-19', 'Active', 3185),
    (7008, 'DevStream', 'Initiative to deliver devstream capabilities for the organisation.', '2020-05-15', '2021-12-16', 'Active', 3034),
    (7009, 'InfraCore', 'Initiative to deliver infracore capabilities for the organisation.', '2022-04-05', '2023-08-28', 'Planning', 3020),
    (7010, 'UX Revamp', 'Initiative to deliver ux revamp capabilities for the organisation.', '2016-06-07', '2018-04-15', 'Completed', 3031),
    (7011, 'API Gateway 2.0', 'Initiative to deliver api gateway 2.0 capabilities for the organisation.', '2022-01-22', '2023-09-28', 'Planning', 3165),
    (7012, 'DataPipeline Overhaul', 'Initiative to deliver datapipeline overhaul capabilities for the organisation.', '2016-08-24', '2017-01-18', 'Active', 3039),
    (7013, 'Kubernetes Migration', 'Initiative to deliver kubernetes migration capabilities for the organisation.', '2020-10-17', '2022-03-06', 'Completed', 3165),
    (7014, 'Zero Trust Security', 'Initiative to deliver zero trust security capabilities for the organisation.', '2022-02-24', '2022-06-13', 'On Hold', 3196),
    (7015, 'Product Analytics', 'Initiative to deliver product analytics capabilities for the organisation.', '2022-06-03', '2023-06-18', 'On Hold', 3058),
    (7016, 'Real-Time Dashboard', 'Initiative to deliver real-time dashboard capabilities for the organisation.', '2020-01-14', '2021-12-25', 'Cancelled', 3135),
    (7017, 'MLOps Framework', 'Initiative to deliver mlops framework capabilities for the organisation.', '2016-11-29', '2017-10-09', 'Completed', 3170),
    (7018, 'Edge Computing Initiative', 'Initiative to deliver edge computing initiative capabilities for the organisation.', '2016-08-07', '2018-06-24', 'Completed', 3039),
    (7019, 'AutoDeploy', 'Initiative to deliver autodeploy capabilities for the organisation.', '2021-12-27', '2024-01-31', 'Completed', 3034),
    (7020, 'Customer Portal', 'Initiative to deliver customer portal capabilities for the organisation.', '2023-02-14', '2025-04-16', 'Active', 3134),
    (7021, 'Recommendation Engine', 'Initiative to deliver recommendation engine capabilities for the organisation.', '2021-09-09', '2023-08-04', 'Planning', 3114),
    (7022, 'Search Optimization', 'Initiative to deliver search optimization capabilities for the organisation.', '2019-04-28', '2019-12-09', 'Active', 3052),
    (7023, 'Fraud Detection System', 'Initiative to deliver fraud detection system capabilities for the organisation.', '2020-11-11', '2022-07-10', 'Completed', 3033),
    (7024, 'Payment Gateway', 'Initiative to deliver payment gateway capabilities for the organisation.', '2021-10-16', '2022-04-22', 'Active', 3171),
    (7025, 'Identity Service', 'Initiative to deliver identity service capabilities for the organisation.', '2021-09-22', '2022-01-29', 'On Hold', 3156),
    (7026, 'Observability Stack', 'Initiative to deliver observability stack capabilities for the organisation.', '2020-08-23', '2022-12-31', 'Active', 3135),
    (7027, 'Chaos Engineering', 'Initiative to deliver chaos engineering capabilities for the organisation.', '2022-05-24', '2023-01-02', 'On Hold', 3156),
    (7028, 'Load Testing Suite', 'Initiative to deliver load testing suite capabilities for the organisation.', '2015-01-05', '2017-06-06', 'Completed', 3129),
    (7029, 'Multi-Cloud Strategy', 'Initiative to deliver multi-cloud strategy capabilities for the organisation.', '2020-11-08', '2022-04-12', 'Active', 3020),
    (7030, 'Data Lake Build', 'Initiative to deliver data lake build capabilities for the organisation.', '2022-10-28', '2024-07-21', 'Active', 3135),
    (7031, 'AI Chatbot Platform', 'Initiative to deliver ai chatbot platform capabilities for the organisation.', '2023-11-09', '2026-04-04', 'Active', 3168),
    (7032, 'CRM Integration', 'Initiative to deliver crm integration capabilities for the organisation.', '2023-04-25', '2025-09-10', 'Completed', 3165),
    (7033, 'ERP Modernization', 'Initiative to deliver erp modernization capabilities for the organisation.', '2016-02-05', '2017-07-14', 'Active', 3135),
    (7034, 'Developer SDK', 'Initiative to deliver developer sdk capabilities for the organisation.', '2023-08-03', '2024-06-26', 'On Hold', 3026),
    (7035, 'Open API Initiative', 'Initiative to deliver open api initiative capabilities for the organisation.', '2018-03-06', '2020-02-06', 'On Hold', 3119),
    (7036, 'Compliance Automation', 'Initiative to deliver compliance automation capabilities for the organisation.', '2017-11-21', '2018-08-31', 'Planning', 3006),
    (7037, 'Cost Optimization', 'Initiative to deliver cost optimization capabilities for the organisation.', '2021-06-25', '2023-03-12', 'Active', 3006),
    (7038, 'Onboarding Platform', 'Initiative to deliver onboarding platform capabilities for the organisation.', '2019-03-17', '2021-04-15', 'Active', 3095),
    (7039, 'Performance Tuning', 'Initiative to deliver performance tuning capabilities for the organisation.', '2019-08-02', '2020-11-04', 'Active', 3129),
    (7040, 'Microservices Migration', 'Initiative to deliver microservices migration capabilities for the organisation.', '2022-04-22', '2024-03-11', 'Active', 3156),
    (7041, 'Blockchain PoC', 'Initiative to deliver blockchain poc capabilities for the organisation.', '2019-10-01', '2021-07-30', 'Active', 3081),
    (7042, 'IoT Platform', 'Initiative to deliver iot platform capabilities for the organisation.', '2022-08-19', '2023-12-28', 'Completed', 3119),
    (7043, 'AR/VR Prototype', 'Initiative to deliver ar/vr prototype capabilities for the organisation.', '2021-03-11', '2023-08-20', 'Completed', 3039),
    (7044, 'Voice Assistant', 'Initiative to deliver voice assistant capabilities for the organisation.', '2019-02-25', '2020-12-18', 'Completed', 3079),
    (7045, 'Video Streaming Platform', 'Initiative to deliver video streaming platform capabilities for the organisation.', '2018-06-10', '2020-04-21', 'Active', 3190),
    (7046, 'Content Delivery Network', 'Initiative to deliver content delivery network capabilities for the organisation.', '2019-06-19', '2021-10-09', 'Active', 3184),
    (7047, 'Event Streaming Platform', 'Initiative to deliver event streaming platform capabilities for the organisation.', '2016-05-02', '2018-09-04', 'Active', 3186),
    (7048, 'Self-Service Analytics', 'Initiative to deliver self-service analytics capabilities for the organisation.', '2016-10-24', '2017-05-04', 'Active', 3117),
    (7049, 'Digital Twins', 'Initiative to deliver digital twins capabilities for the organisation.', '2023-10-25', '2025-01-03', 'Completed', 3171),
    (7050, 'Quantum Computing PoC', 'Initiative to deliver quantum computing poc capabilities for the organisation.', '2022-10-26', '2024-12-24', 'Completed', 3034);

	
  
    CREATE TABLE ProjectAssignment (
    assignment_id INT PRIMARY KEY,
    emp_id INT NOT NULL,
    project_id INT NOT NULL,
    assigned_date DATE,
    role VARCHAR(100),
    hours_allocated INT,

    FOREIGN KEY (emp_id) REFERENCES Employee(emp_id),
    FOREIGN KEY (project_id) REFERENCES Project(project_id)
);
	INSERT INTO ProjectAssignment (assignment_id, emp_id, project_id, assigned_date, role, hours_allocated) VALUES
    (8001, 3163, 7001, '2017-07-03', 'Tech Lead', 87),
    (8002, 3002, 7001, '2017-07-08', 'UX Designer', 40),
    (8003, 3024, 7001, '2017-07-20', 'Developer', 118),
    (8004, 3038, 7001, '2017-07-30', 'Product Owner', 177),
    (8005, 3121, 7001, '2017-07-21', 'Architect', 93),
    (8006, 3154, 7001, '2017-07-23', 'ML Engineer', 34),
    (8007, 3112, 7001, '2017-07-31', 'Data Engineer', 183),
    (8008, 3113, 7002, '2020-06-18', 'ML Engineer', 150),
    (8009, 3003, 7002, '2020-07-03', 'QA Engineer', 177),
    (8010, 3052, 7002, '2020-06-22', 'Developer', 112),
    (8011, 3169, 7002, '2020-06-24', 'Developer', 60),
    (8012, 3133, 7002, '2020-06-19', 'DevOps Engineer', 122),
    (8013, 3074, 7002, '2020-06-28', 'Product Owner', 123),
    (8014, 3050, 7002, '2020-07-05', 'QA Engineer', 152),
    (8015, 3189, 7003, '2020-09-03', 'DevOps Engineer', 163),
    (8016, 3181, 7003, '2020-09-15', 'ML Engineer', 109),
    (8017, 3018, 7003, '2020-08-28', 'DevOps Engineer', 77),
    (8018, 3024, 7003, '2020-09-05', 'QA Engineer', 136),
    (8019, 3148, 7004, '2015-11-29', 'Tech Lead', 148),
    (8020, 3002, 7004, '2015-11-21', 'UX Designer', 49),
    (8021, 3067, 7004, '2015-12-07', 'Architect', 85),
    (8022, 3045, 7004, '2015-12-10', 'Architect', 167),
    (8023, 3105, 7004, '2015-11-20', 'Scrum Master', 116),
    (8024, 3130, 7004, '2015-11-30', 'Scrum Master', 82),
    (8025, 3028, 7004, '2015-12-06', 'UX Designer', 137),
    (8026, 3151, 7005, '2016-09-27', 'QA Engineer', 193),
    (8027, 3008, 7005, '2016-09-29', 'QA Engineer', 100),
    (8028, 3124, 7005, '2016-09-20', 'UX Designer', 152),
    (8029, 3030, 7005, '2016-09-24', 'Developer', 199),
    (8030, 3067, 7005, '2016-10-03', 'DevOps Engineer', 83),
    (8031, 3018, 7005, '2016-09-16', 'Tech Lead', 122),
    (8032, 3098, 7005, '2016-09-28', 'UX Designer', 39),
    (8033, 3046, 7006, '2023-02-16', 'QA Engineer', 147),
    (8034, 3122, 7006, '2023-02-09', 'QA Engineer', 80),
    (8035, 3081, 7006, '2023-02-09', 'QA Engineer', 87),
    (8036, 3091, 7006, '2023-01-23', 'QA Engineer', 71),
    (8037, 3056, 7006, '2023-02-12', 'QA Engineer', 178),
    (8038, 3147, 7006, '2023-01-28', 'Data Engineer', 47),
    (8039, 3069, 7006, '2023-01-20', 'Tech Lead', 193),
    (8040, 3047, 7006, '2023-02-16', 'Scrum Master', 177),
    (8041, 3196, 7007, '2018-09-25', 'ML Engineer', 100),
    (8042, 3139, 7007, '2018-09-29', 'ML Engineer', 90),
    (8043, 3011, 7007, '2018-09-29', 'Data Engineer', 150),
    (8044, 3124, 7007, '2018-09-22', 'Product Owner', 76),
    (8045, 3033, 7008, '2020-05-26', 'Product Owner', 195),
    (8046, 3014, 7008, '2020-06-08', 'Data Engineer', 137),
    (8047, 3135, 7008, '2020-05-18', 'Architect', 137),
    (8048, 3109, 7008, '2020-05-25', 'Developer', 23),
    (8049, 3123, 7008, '2020-06-05', 'QA Engineer', 117),
    (8050, 3139, 7008, '2020-06-02', 'Tech Lead', 103),
    (8051, 3009, 7008, '2020-05-26', 'ML Engineer', 86),
    (8052, 3129, 7008, '2020-05-20', 'Architect', 87),
    (8053, 3069, 7009, '2022-04-10', 'Scrum Master', 128),
    (8054, 3121, 7009, '2022-04-11', 'Product Owner', 199),
    (8055, 3157, 7009, '2022-04-29', 'UX Designer', 113),
    (8056, 3088, 7009, '2022-05-02', 'Product Owner', 91),
    (8057, 3094, 7009, '2022-04-19', 'Data Engineer', 166),
    (8058, 3148, 7010, '2016-06-15', 'QA Engineer', 162),
    (8059, 3176, 7010, '2016-06-20', 'Product Owner', 70),
    (8060, 3059, 7010, '2016-06-11', 'Data Engineer', 141),
    (8061, 3026, 7010, '2016-07-02', 'Developer', 65),
    (8062, 3185, 7010, '2016-06-20', 'Scrum Master', 54),
    (8063, 3137, 7011, '2022-01-23', 'Product Owner', 45),
    (8064, 3185, 7011, '2022-02-13', 'Data Engineer', 35),
    (8065, 3081, 7011, '2022-01-28', 'DevOps Engineer', 141),
    (8066, 3125, 7011, '2022-02-17', 'Tech Lead', 135),
    (8067, 3077, 7011, '2022-02-14', 'UX Designer', 86),
    (8068, 3065, 7011, '2022-02-02', 'UX Designer', 163),
    (8069, 3144, 7011, '2022-02-08', 'DevOps Engineer', 108),
    (8070, 3146, 7011, '2022-01-22', 'Product Owner', 51),
    (8071, 3174, 7012, '2016-08-29', 'DevOps Engineer', 110),
    (8072, 3156, 7012, '2016-09-03', 'Architect', 144),
    (8073, 3051, 7012, '2016-09-17', 'Scrum Master', 40),
    (8074, 3148, 7012, '2016-09-05', 'ML Engineer', 93),
    (8075, 3167, 7012, '2016-09-07', 'Data Engineer', 62),
    (8076, 3138, 7012, '2016-09-13', 'UX Designer', 127),
    (8077, 3147, 7013, '2020-10-27', 'DevOps Engineer', 88),
    (8078, 3104, 7013, '2020-11-05', 'Product Owner', 89),
    (8079, 3019, 7013, '2020-11-14', 'Scrum Master', 112),
    (8080, 3021, 7013, '2020-11-09', 'ML Engineer', 153),
    (8081, 3042, 7013, '2020-11-16', 'Scrum Master', 125),
    (8082, 3088, 7013, '2020-10-22', 'Data Engineer', 25),
    (8083, 3059, 7013, '2020-10-21', 'QA Engineer', 189),
    (8084, 3081, 7013, '2020-10-25', 'Tech Lead', 73),
    (8085, 3102, 7014, '2022-03-13', 'Developer', 26),
    (8086, 3027, 7014, '2022-03-20', 'Product Owner', 154),
    (8087, 3025, 7014, '2022-03-20', 'Tech Lead', 46),
    (8088, 3017, 7014, '2022-03-04', 'ML Engineer', 59),
    (8089, 3122, 7014, '2022-02-26', 'Product Owner', 99),
    (8090, 3064, 7015, '2022-06-07', 'Data Engineer', 154),
    (8091, 3189, 7015, '2022-06-29', 'Data Engineer', 27),
    (8092, 3073, 7015, '2022-06-04', 'UX Designer', 103),
    (8093, 3114, 7015, '2022-06-30', 'Scrum Master', 139),
    (8094, 3161, 7015, '2022-06-30', 'Architect', 89),
    (8095, 3114, 7016, '2020-02-03', 'ML Engineer', 131),
    (8096, 3035, 7016, '2020-01-30', 'Architect', 99),
    (8097, 3179, 7016, '2020-02-12', 'UX Designer', 143),
    (8098, 3139, 7016, '2020-01-31', 'QA Engineer', 42),
    (8099, 3046, 7016, '2020-01-28', 'DevOps Engineer', 113),
    (8100, 3152, 7016, '2020-01-27', 'DevOps Engineer', 59);
INSERT INTO ProjectAssignment (assignment_id, emp_id, project_id, assigned_date, role, hours_allocated) VALUES
    (8101, 3153, 7016, '2020-01-23', 'Developer', 20),
    (8102, 3117, 7016, '2020-01-30', 'Data Engineer', 108),
    (8103, 3121, 7017, '2016-12-14', 'DevOps Engineer', 22),
    (8104, 3137, 7017, '2016-12-23', 'Product Owner', 94),
    (8105, 3003, 7017, '2016-12-18', 'QA Engineer', 21),
    (8106, 3177, 7017, '2016-12-16', 'UX Designer', 68),
    (8107, 3126, 7017, '2016-12-12', 'Architect', 131),
    (8108, 3194, 7017, '2016-12-11', 'QA Engineer', 61),
    (8109, 3097, 7018, '2016-08-23', 'ML Engineer', 197),
    (8110, 3057, 7018, '2016-08-28', 'DevOps Engineer', 92),
    (8111, 3068, 7018, '2016-08-27', 'Architect', 88),
    (8112, 3021, 7018, '2016-08-20', 'QA Engineer', 37),
    (8113, 3109, 7018, '2016-08-12', 'Data Engineer', 94),
    (8114, 3161, 7018, '2016-08-10', 'Scrum Master', 178),
    (8115, 3062, 7018, '2016-08-21', 'DevOps Engineer', 199),
    (8116, 3126, 7019, '2022-01-01', 'Tech Lead', 92),
    (8117, 3049, 7019, '2022-01-04', 'Data Engineer', 132),
    (8118, 3083, 7019, '2022-01-19', 'Developer', 79),
    (8119, 3005, 7019, '2021-12-29', 'Data Engineer', 23),
    (8120, 3039, 7019, '2022-01-11', 'QA Engineer', 107),
    (8121, 3013, 7019, '2022-01-09', 'DevOps Engineer', 147),
    (8122, 3137, 7019, '2022-01-07', 'Scrum Master', 198),
    (8123, 3006, 7019, '2022-01-21', 'Developer', 104),
    (8124, 3193, 7020, '2023-03-10', 'Product Owner', 38),
    (8125, 3038, 7020, '2023-03-03', 'Scrum Master', 66),
    (8126, 3015, 7020, '2023-02-20', 'DevOps Engineer', 117),
    (8127, 3069, 7020, '2023-03-12', 'Developer', 51),
    (8128, 3099, 7021, '2021-09-10', 'QA Engineer', 137),
    (8129, 3198, 7021, '2021-10-02', 'Tech Lead', 153),
    (8130, 3114, 7021, '2021-09-30', 'QA Engineer', 141),
    (8131, 3064, 7021, '2021-09-21', 'DevOps Engineer', 102),
    (8132, 3189, 7021, '2021-09-14', 'Developer', 160),
    (8133, 3032, 7022, '2019-05-25', 'QA Engineer', 48),
    (8134, 3065, 7022, '2019-05-05', 'Product Owner', 103),
    (8135, 3124, 7022, '2019-04-28', 'Data Engineer', 90),
    (8136, 3164, 7022, '2019-05-16', 'Tech Lead', 121),
    (8137, 3077, 7022, '2019-05-23', 'QA Engineer', 22),
    (8138, 3051, 7022, '2019-04-29', 'ML Engineer', 196),
    (8139, 3093, 7022, '2019-05-13', 'ML Engineer', 59),
    (8140, 3014, 7022, '2019-05-09', 'Tech Lead', 83),
    (8141, 3128, 7023, '2020-12-10', 'Developer', 35),
    (8142, 3024, 7023, '2020-11-22', 'Data Engineer', 199),
    (8143, 3176, 7023, '2020-11-28', 'Tech Lead', 52),
    (8144, 3159, 7023, '2020-11-26', 'QA Engineer', 101),
    (8145, 3087, 7023, '2020-11-28', 'UX Designer', 132),
    (8146, 3006, 7024, '2021-10-20', 'DevOps Engineer', 30),
    (8147, 3177, 7024, '2021-10-31', 'Scrum Master', 163),
    (8148, 3097, 7024, '2021-10-25', 'Architect', 198),
    (8149, 3092, 7024, '2021-10-31', 'QA Engineer', 165),
    (8150, 3186, 7024, '2021-10-21', 'Architect', 109),
    (8151, 3188, 7025, '2021-09-24', 'Architect', 59),
    (8152, 3120, 7025, '2021-10-06', 'DevOps Engineer', 87),
    (8153, 3071, 7025, '2021-10-09', 'UX Designer', 136),
    (8154, 3154, 7025, '2021-09-22', 'Architect', 117),
    (8155, 3142, 7025, '2021-10-15', 'Data Engineer', 24),
    (8156, 3042, 7025, '2021-10-11', 'UX Designer', 178),
    (8157, 3083, 7026, '2020-09-18', 'Product Owner', 68),
    (8158, 3185, 7026, '2020-09-08', 'Scrum Master', 161),
    (8159, 3017, 7026, '2020-08-27', 'ML Engineer', 92),
    (8160, 3169, 7026, '2020-09-02', 'Product Owner', 184),
    (8161, 3138, 7026, '2020-09-02', 'Tech Lead', 44),
    (8162, 3169, 7027, '2022-06-08', 'QA Engineer', 45),
    (8163, 3018, 7027, '2022-05-25', 'ML Engineer', 184),
    (8164, 3012, 7027, '2022-06-19', 'Product Owner', 188),
    (8165, 3034, 7027, '2022-06-08', 'Architect', 179),
    (8166, 3046, 7027, '2022-06-15', 'ML Engineer', 85),
    (8167, 3009, 7027, '2022-05-25', 'UX Designer', 76),
    (8168, 3052, 7027, '2022-06-12', 'Tech Lead', 23),
    (8169, 3028, 7027, '2022-06-22', 'QA Engineer', 187),
    (8170, 3021, 7028, '2015-02-04', 'Product Owner', 114),
    (8171, 3120, 7028, '2015-01-30', 'Developer', 177),
    (8172, 3164, 7028, '2015-01-13', 'Architect', 30),
    (8173, 3016, 7028, '2015-01-28', 'Tech Lead', 97),
    (8174, 3093, 7028, '2015-01-07', 'QA Engineer', 152),
    (8175, 3143, 7028, '2015-01-08', 'Tech Lead', 79),
    (8176, 3191, 7028, '2015-01-22', 'Product Owner', 68),
    (8177, 3135, 7029, '2020-12-08', 'Data Engineer', 162),
    (8178, 3169, 7029, '2020-12-01', 'Architect', 126),
    (8179, 3064, 7029, '2020-12-01', 'Tech Lead', 183),
    (8180, 3146, 7029, '2020-11-26', 'UX Designer', 192),
    (8181, 3161, 7029, '2020-11-22', 'Product Owner', 46),
    (8182, 3047, 7030, '2022-11-18', 'Data Engineer', 156),
    (8183, 3141, 7030, '2022-11-16', 'Scrum Master', 110),
    (8184, 3103, 7030, '2022-11-25', 'UX Designer', 160),
    (8185, 3130, 7030, '2022-11-07', 'UX Designer', 125),
    (8186, 3087, 7030, '2022-11-21', 'Product Owner', 102),
    (8187, 3062, 7031, '2023-11-17', 'UX Designer', 135),
    (8188, 3145, 7031, '2023-11-23', 'Product Owner', 20),
    (8189, 3140, 7031, '2023-12-02', 'Developer', 92),
    (8190, 3055, 7031, '2023-11-28', 'Developer', 152),
    (8191, 3097, 7031, '2023-11-13', 'DevOps Engineer', 21),
    (8192, 3197, 7031, '2023-11-18', 'QA Engineer', 74),
    (8193, 3141, 7031, '2023-12-06', 'UX Designer', 25),
    (8194, 3191, 7031, '2023-12-03', 'DevOps Engineer', 161),
    (8195, 3143, 7032, '2023-05-03', 'UX Designer', 169),
    (8196, 3147, 7032, '2023-05-02', 'QA Engineer', 85),
    (8197, 3040, 7032, '2023-05-20', 'DevOps Engineer', 43),
    (8198, 3025, 7032, '2023-05-13', 'Product Owner', 165),
    (8199, 3010, 7032, '2023-05-24', 'QA Engineer', 39),
    (8200, 3118, 7032, '2023-05-18', 'UX Designer', 143);
INSERT INTO ProjectAssignment (assignment_id, emp_id, project_id, assigned_date, role, hours_allocated) VALUES
    (8201, 3092, 7032, '2023-04-30', 'Scrum Master', 196),
    (8202, 3036, 7032, '2023-05-17', 'ML Engineer', 44),
    (8203, 3165, 7033, '2016-02-06', 'UX Designer', 109),
    (8204, 3077, 7033, '2016-03-04', 'Product Owner', 126),
    (8205, 3010, 7033, '2016-03-05', 'Tech Lead', 78),
    (8206, 3188, 7033, '2016-02-28', 'ML Engineer', 22),
    (8207, 3148, 7033, '2016-02-25', 'Product Owner', 33),
    (8208, 3098, 7033, '2016-02-14', 'Architect', 30),
    (8209, 3021, 7033, '2016-02-15', 'Architect', 164),
    (8210, 3200, 7033, '2016-02-09', 'UX Designer', 148),
    (8211, 3040, 7034, '2023-08-17', 'ML Engineer', 167),
    (8212, 3013, 7034, '2023-08-19', 'Tech Lead', 76),
    (8213, 3173, 7034, '2023-08-16', 'DevOps Engineer', 120),
    (8214, 3188, 7034, '2023-08-07', 'Data Engineer', 106),
    (8215, 3101, 7034, '2023-08-05', 'Scrum Master', 166),
    (8216, 3141, 7035, '2018-03-18', 'Architect', 131),
    (8217, 3103, 7035, '2018-03-30', 'Data Engineer', 54),
    (8218, 3068, 7035, '2018-03-21', 'Architect', 70),
    (8219, 3022, 7035, '2018-03-21', 'Product Owner', 186),
    (8220, 3051, 7036, '2017-11-29', 'Product Owner', 102),
    (8221, 3144, 7036, '2017-12-12', 'ML Engineer', 42),
    (8222, 3158, 7036, '2017-11-24', 'Product Owner', 128),
    (8223, 3189, 7036, '2017-12-02', 'UX Designer', 68),
    (8224, 3135, 7036, '2017-12-01', 'UX Designer', 172),
    (8225, 3064, 7036, '2017-12-11', 'Developer', 98),
    (8226, 3063, 7036, '2017-11-26', 'UX Designer', 177),
    (8227, 3019, 7036, '2017-12-17', 'Scrum Master', 179),
    (8228, 3113, 7037, '2021-07-06', 'Data Engineer', 41),
    (8229, 3012, 7037, '2021-06-28', 'Developer', 82),
    (8230, 3060, 7037, '2021-07-25', 'ML Engineer', 57),
    (8231, 3052, 7037, '2021-07-22', 'DevOps Engineer', 23),
    (8232, 3176, 7037, '2021-07-05', 'Tech Lead', 98),
    (8233, 3121, 7038, '2019-03-23', 'Architect', 153),
    (8234, 3006, 7038, '2019-04-10', 'DevOps Engineer', 160),
    (8235, 3085, 7038, '2019-04-01', 'ML Engineer', 56),
    (8236, 3054, 7038, '2019-04-08', 'Developer', 116),
    (8237, 3190, 7038, '2019-04-04', 'Architect', 31),
    (8238, 3138, 7038, '2019-03-25', 'Data Engineer', 35),
    (8239, 3055, 7038, '2019-03-26', 'QA Engineer', 198),
    (8240, 3070, 7039, '2019-08-10', 'UX Designer', 47),
    (8241, 3014, 7039, '2019-08-02', 'DevOps Engineer', 186),
    (8242, 3120, 7039, '2019-08-14', 'QA Engineer', 117),
    (8243, 3168, 7039, '2019-08-18', 'Tech Lead', 100),
    (8244, 3003, 7039, '2019-08-17', 'ML Engineer', 156),
    (8245, 3018, 7039, '2019-08-04', 'Data Engineer', 70),
    (8246, 3100, 7039, '2019-08-18', 'Scrum Master', 163),
    (8247, 3170, 7039, '2019-08-31', 'Developer', 30),
    (8248, 3136, 7040, '2022-05-15', 'Data Engineer', 24),
    (8249, 3079, 7040, '2022-05-03', 'UX Designer', 110),
    (8250, 3086, 7040, '2022-05-12', 'DevOps Engineer', 80),
    (8251, 3126, 7040, '2022-05-08', 'DevOps Engineer', 35),
    (8252, 3101, 7040, '2022-05-12', 'DevOps Engineer', 119),
    (8253, 3143, 7041, '2019-10-11', 'Product Owner', 188),
    (8254, 3072, 7041, '2019-10-05', 'Tech Lead', 117),
    (8255, 3058, 7041, '2019-10-17', 'ML Engineer', 180),
    (8256, 3039, 7041, '2019-10-22', 'QA Engineer', 126),
    (8257, 3147, 7042, '2022-08-29', 'Scrum Master', 158),
    (8258, 3040, 7042, '2022-08-23', 'QA Engineer', 187),
    (8259, 3110, 7042, '2022-08-23', 'ML Engineer', 158),
    (8260, 3080, 7042, '2022-09-09', 'QA Engineer', 55),
    (8261, 3155, 7042, '2022-08-28', 'Architect', 54),
    (8262, 3198, 7043, '2021-03-28', 'Architect', 50),
    (8263, 3038, 7043, '2021-03-16', 'UX Designer', 57),
    (8264, 3168, 7043, '2021-04-03', 'Developer', 101),
    (8265, 3145, 7043, '2021-04-08', 'Product Owner', 125),
    (8266, 3041, 7043, '2021-03-20', 'Scrum Master', 183),
    (8267, 3082, 7043, '2021-04-09', 'DevOps Engineer', 58),
    (8268, 3018, 7043, '2021-04-04', 'QA Engineer', 47),
    (8269, 3048, 7044, '2019-03-05', 'ML Engineer', 165),
    (8270, 3007, 7044, '2019-03-16', 'QA Engineer', 172),
    (8271, 3196, 7044, '2019-03-04', 'QA Engineer', 195),
    (8272, 3157, 7044, '2019-02-25', 'UX Designer', 40),
    (8273, 3158, 7044, '2019-03-19', 'Scrum Master', 54),
    (8274, 3155, 7045, '2018-06-25', 'Data Engineer', 61),
    (8275, 3121, 7045, '2018-06-16', 'QA Engineer', 28),
    (8276, 3183, 7045, '2018-06-23', 'Developer', 89),
    (8277, 3167, 7045, '2018-07-10', 'Product Owner', 76),
    (8278, 3096, 7045, '2018-07-03', 'QA Engineer', 72),
    (8279, 3048, 7045, '2018-06-12', 'Data Engineer', 132),
    (8280, 3100, 7045, '2018-07-07', 'ML Engineer', 145),
    (8281, 3126, 7045, '2018-07-02', 'UX Designer', 137),
    (8282, 3110, 7046, '2019-07-12', 'Product Owner', 100),
    (8283, 3104, 7046, '2019-07-01', 'ML Engineer', 166),
    (8284, 3199, 7046, '2019-07-08', 'Architect', 154),
    (8285, 3011, 7046, '2019-07-09', 'Developer', 153),
    (8286, 3156, 7046, '2019-06-22', 'Scrum Master', 136),
    (8287, 3063, 7047, '2016-05-25', 'Developer', 162),
    (8288, 3133, 7047, '2016-05-14', 'Architect', 181),
    (8289, 3138, 7047, '2016-06-01', 'Developer', 68),
    (8290, 3102, 7047, '2016-05-11', 'Scrum Master', 121),
    (8291, 3199, 7048, '2016-11-12', 'Developer', 196),
    (8292, 3074, 7048, '2016-11-09', 'Data Engineer', 138),
    (8293, 3119, 7048, '2016-11-19', 'Scrum Master', 43),
    (8294, 3043, 7048, '2016-11-16', 'Architect', 48),
    (8295, 3109, 7048, '2016-10-29', 'ML Engineer', 198),
    (8296, 3076, 7048, '2016-11-10', 'Data Engineer', 120),
    (8297, 3083, 7049, '2023-11-22', 'QA Engineer', 136),
    (8298, 3116, 7049, '2023-10-27', 'DevOps Engineer', 102),
    (8299, 3007, 7049, '2023-11-16', 'Data Engineer', 51),
    (8300, 3046, 7049, '2023-10-27', 'Tech Lead', 200);
INSERT INTO ProjectAssignment (assignment_id, emp_id, project_id, assigned_date, role, hours_allocated) VALUES
    (8301, 3117, 7049, '2023-11-08', 'UX Designer', 41),
    (8302, 3152, 7049, '2023-11-10', 'Product Owner', 150),
    (8303, 3183, 7049, '2023-11-13', 'Data Engineer', 116),
    (8304, 3098, 7050, '2022-10-31', 'Data Engineer', 65),
    (8305, 3012, 7050, '2022-11-19', 'Developer', 127),
    (8306, 3197, 7050, '2022-11-04', 'DevOps Engineer', 134),
    (8307, 3044, 7050, '2022-11-04', 'Data Engineer', 50),
    (8308, 3086, 7050, '2022-11-23', 'Data Engineer', 71),
    (8309, 3145, 7050, '2022-10-26', 'ML Engineer', 84),
    (8310, 3169, 7050, '2022-10-26', 'Scrum Master', 147),
    (8311, 3039, 7050, '2022-11-22', 'Scrum Master', 159);
    
    
    	ALTER TABLE Department AUTO_INCREMENT = 1001;
	ALTER TABLE Job AUTO_INCREMENT = 2001;
	ALTER TABLE Employee AUTO_INCREMENT = 3001;
	ALTER TABLE Skill AUTO_INCREMENT = 4001;
	ALTER TABLE Salary AUTO_INCREMENT = 5001;
	ALTER TABLE EmployeeStatus AUTO_INCREMENT = 6001;
	ALTER TABLE Project AUTO_INCREMENT = 7001;
	ALTER TABLE ProjectAssignment AUTO_INCREMENT = 8001;
    

